id,vehicle,player,damage,isWin,createTime
22,41,ENMO,1211,胜利,
23,42,Jor_Mosi,1280,胜利,
34,56,Jor_Mosi,1547,胜利,
44,66,Jor_Mosi,1300,胜利,
45,67,Jor_Mosi,1398,胜利,
212,255,wang易狗杂,7071,胜利,
515,27,4SA－肉侦斥候－秀儿,7121,胜利,2021-09-15 00:18:30
516,251,Rip_Hamilton,9625,胜利,2021-09-15 09:53:18
517,366,4SA－天生丽质－快乐夜莺,7365,胜利,2021-09-15 09:53:22
518,81,super_mario,2603,胜利,2021-09-15 09:53:34
519,206,4SA－天生丽质－快乐夜莺,7856,胜利,2021-09-15 09:53:38
520,126,一生所爱·nxn,8587,胜利,2021-09-15 09:53:45
521,26,一生所爱·nxn,7296,失败,2021-09-15 09:53:47
523,30,Ender007-1,8093,胜利,2021-09-15 09:53:49
524,255,TWITCH®,9290,胜利,2021-09-15 09:53:50
525,310,奥黛莉亲王,3076,胜利,2021-09-15 09:53:55
526,130,4SA_威严满满_天狼星,7747,失败,2021-09-15 09:53:59
527,126,一生所爱·nxn,8114,平局,2021-09-15 09:54:05
528,138,Alm_我是大混子_CN,6019,失败,2021-09-15 09:54:10
529,196,Masked_混子,6152,胜利,2021-09-15 09:54:17
530,395,SDT_Rip,9340,胜利,2021-09-15 09:54:23
531,62,欧尔埋特,1209,胜利,2021-09-15 09:54:26
532,177,零的英雄,4941,胜利,2021-09-15 09:54:32
533,187,欧尔埋特,3898,胜利,2021-09-15 09:54:35
535,195,IFA_团小闹钟_万场氪孤,1993,胜利,2021-09-15 09:54:47
536,130,欧尔埋特,5032,平局,2021-09-15 09:54:51
537,396,欧尔埋特,4134,胜利,2021-09-15 09:54:58
538,198,欧尔埋特,4062,胜利,2021-09-15 09:55:03
539,423,零的英雄,7041,平局,2021-09-15 09:55:07
540,461,零的英雄,4501,胜利,2021-09-15 09:55:11
541,245,零的英雄,4619,失败,2021-09-15 09:55:13
543,224,Kinuhata_Saiai,4316,胜利,2021-09-15 09:57:08
544,430,零的英雄,5245,胜利,2021-09-15 09:57:11
545,219,Kinuhata_Saiai,4281,胜利,2021-09-15 09:57:39
546,410,零的英雄,4787,胜利,2021-09-15 09:57:42
547,396,健_利贝罗勒_往昔辰星,5527,胜利,2021-09-15 09:57:50
548,392,KMM_Fim_Always,5244,胜利,2021-09-15 09:57:51
549,161,cctv90708,5352,胜利,2021-09-15 09:57:53
550,251,dinoknight,9117,平局,2021-09-15 09:57:54
551,345,吹雪级绫波,6036,胜利,2021-09-15 15:57:54
552,389,Kinuhata_Saiai,3237,胜利,2021-09-15 15:57:56
553,317,422工程AX“星火”,5532,胜利,2021-09-15 15:57:57
554,151,422工程AX“星火”,4962,胜利,2021-09-15 15:57:57
555,179,422工程AX“星火”,2435,胜利,2021-09-15 15:57:58
556,32,4SA_威严满满_天狼星,6834,胜利,2021-09-15 15:57:58
557,228,♥♥♥♂♥♥♥,3915,胜利,2021-09-15 15:57:58
558,36,♥♥♥♂♥♥♥,6233,胜利,2021-09-15 15:57:58
559,146,♥♥♥♂♥♥♥,4799,胜利,2021-09-15 15:57:59
560,419,零的英雄,4258,胜利,2021-09-15 15:57:59
561,334,零的英雄,5922,胜利,2021-09-15 15:57:59
562,466,♥♥♥♂♥♥♥,5793,胜利,2021-09-15 15:57:59
563,272,零的英雄,5930,胜利,2021-09-15 15:58:00
564,165,零的英雄,5066,胜利,2021-09-15 15:58:00
565,214,零的英雄,4489,胜利,2021-09-15 15:58:00
566,362,零的英雄,4320,胜利,2021-09-15 15:58:00
567,322,FRACH-谭雅-跑得飞快,4202,胜利,2021-09-15 15:58:00
568,420,零的英雄,5069,胜利,2021-09-15 15:58:01
569,248,zmb-66,5900,胜利,2021-09-15 15:58:04
570,26,SSDasReich,7265,平局,2021-09-15 15:58:04
571,36,SXE_彼夜、时雨未央,8129,胜利,2021-09-15 15:58:04
572,160,我叫什么好呢,6184,胜利,2021-09-15 15:58:05
573,140,SXE_彼夜、时雨未央,6505,胜利,2021-09-15 15:58:05
574,140,SXE_彼夜、时雨未央,6213,胜利,2021-09-15 15:58:05
575,450,SXE_彼夜、时雨未央,5759,胜利,2021-09-15 15:58:05
576,112,SXE_彼夜、时雨未央,4771,胜利,2021-09-15 15:58:05
577,206,SXE_彼夜、时雨未央,6119,胜利,2021-09-15 15:58:06
578,142,SXE_彼夜、时雨未央,5180,胜利,2021-09-15 15:58:06
579,261,南站台球,6608,胜利,2021-09-15 15:58:06
580,246,健_利贝罗勒_往昔辰星,5005,胜利,2021-09-15 15:58:07
581,313,4SA－肉侦斥候－秀儿,6468,胜利,2021-09-15 15:58:08
582,313,Alm_misaka_CN,5129,胜利,2021-09-15 15:58:08
583,26,LordChen,6732,胜利,2021-09-15 15:58:08
584,232,Alm_misaka_CN,4427,失败,2021-09-15 15:58:09
585,279,Alm_misaka_CN,2633,胜利,2021-09-15 15:58:09
586,185,Alm_misaka_CN,4913,胜利,2021-09-15 15:58:09
587,348,ArianaGrande,5170,平局,2021-09-15 15:58:10
588,349,ArianaGrande,6446,胜利,2021-09-15 15:58:11
589,468,ArianaGrande,6099,胜利,2021-09-15 15:58:11
590,364,ArianaGrande,5706,胜利,2021-09-15 15:58:11
591,167,ArianaGrande,4373,胜利,2021-09-15 15:58:11
592,118,ArianaGrande,3560,胜利,2021-09-15 15:58:12
593,264,ArianaGrande,3833,胜利,2021-09-15 15:58:12
594,152,ArianaGrande,4126,胜利,2021-09-15 15:58:12
595,203,ArianaGrande,3277,胜利,2021-09-15 15:58:12
596,189,ArianaGrande,4217,胜利,2021-09-15 15:58:12
597,419,ArianaGrande,4140,胜利,2021-09-15 15:58:13
598,216,ArianaGrande,4300,胜利,2021-09-15 15:58:13
600,127,4SA_摸鱼萌新,6928,胜利,2021-09-15 15:58:14
601,327,KMM_Nevar_EdiR,8478,胜利,2021-09-15 15:58:15
602,350,逝风c,7074,胜利,2021-09-15 15:58:16
603,425,逝风c,5592,胜利,2021-09-15 16:09:30
604,190,逝风c,4105,失败,2021-09-15 16:09:38
605,387,逝风c,3828,平局,2021-09-15 16:09:42
606,438,逝风c,3648,胜利,2021-09-15 16:14:32
607,278,零的英雄,4379,平局,2021-09-15 16:30:50
608,237,零的英雄,2411,胜利,2021-09-15 16:34:11
609,224,零的英雄,4237,胜利,2021-09-15 16:34:30
610,349,关少锦棠,8221,胜利,2021-09-15 16:35:26
611,144,Redbull屑狐狸,7263,胜利,2021-09-15 16:40:47
612,313,Redbull屑狐狸,5404,失败,2021-09-15 16:51:43
613,272,ICFC_爱迪生_想要PRO,7053,,2021-09-15 16:51:58
614,344,关少锦棠,7089,胜利,2021-09-15 16:56:06
615,35,SCJ_LiJiangINN,8641,胜利,2021-09-15 16:56:17
616,133,轰翻你的臀,4520,胜利,2021-09-15 17:05:24
617,31,轰翻你的臀,4918,胜利,2021-09-15 17:30:03
618,129,轰翻你的臀,5635,胜利,2021-09-15 17:30:08
619,30,轰翻你的臀,6317,胜利,2021-09-15 17:30:14
620,209,欧尔埋特,3336,胜利,2021-09-15 17:30:23
621,383,Ymaz_智障氪孤_NHG8,6129,胜利,2021-09-15 17:31:12
622,32,IFA_团小闹钟_万场氪孤,4212,胜利,2021-09-15 17:31:19
623,146,Cloud9.Shroud,5838,胜利,2021-09-15 17:31:31
624,142,Cloud9.Shroud,5352,胜利,2021-09-15 17:31:39
625,193,Cloud9.Shroud,3517,胜利,2021-09-15 17:31:50
627,26,一只快乐の小鲨雕,7474,胜利,2021-09-15 17:32:14
628,129,奥黛莉亲王,6320,胜利,2021-09-15 17:53:12
629,198,轰翻你的臀,5064,胜利,2021-09-15 19:33:56
630,322,Kinuhata_Saiai,7116,失败,2021-09-15 19:34:50
631,322,Kinuhata_Saiai,6212,胜利,2021-09-15 19:35:17
632,356,yuzekunkun,8400,胜利,2021-09-15 19:35:24
633,164,HK416,5006,胜利,2021-09-15 19:44:00
634,166,取名超浪费脑细胞,5204,失败,2021-09-15 19:44:26
635,26,SSDasReich,6835,胜利,2021-09-15 19:45:25
636,26,SSDasReich,6905,胜利,2021-09-15 19:45:37
637,362,豹豹酱是个RBQ呀,5555,胜利,2021-09-15 19:45:45
638,221,豹豹酱是个RBQ呀,6118,胜利,2021-09-15 19:45:59
639,392,太平洋_9,6320,胜利,2021-09-15 19:46:05
640,323,KZT085,4763,胜利,2021-09-15 19:46:19
641,34,豹豹酱是个RBQ呀,6070,胜利,2021-09-15 19:46:58
642,435,苏·维·埃·之·辉,4841,胜利,2021-09-15 19:47:14
643,314,豹豹酱是个RBQ呀,6154,胜利,2021-09-15 19:47:21
644,423,苏·维·埃·之·辉,7161,胜利,2021-09-15 19:47:33
645,326,苏·维·埃·之·辉,6072,胜利,2021-09-15 19:47:40
646,134,苏·维·埃·之·辉,7576,胜利,2021-09-15 19:47:44
647,34,司徒氏辛德拉,4688,胜利,2021-09-15 19:47:50
648,254,FRACH-谭雅-跑得飞快,4335,胜利,2021-09-15 19:53:42
649,255,FRACH-谭雅-跑得飞快,7244,胜利,2021-09-15 19:53:54
650,153,FRACH-谭雅-跑得飞快,4610,胜利,2021-09-15 19:54:02
651,449,KZT085,3363,胜利,2021-09-15 20:22:54
652,268,KZT085,4536,胜利,2021-09-15 20:23:02
653,468,48酱,7013,平局,2021-09-15 20:23:16
654,127,Montpellier_★,7695,胜利,2021-09-15 20:23:27
655,118,你游底层玩家,5386,胜利,2021-09-15 20:23:44
656,362,HK416,5117,失败,2021-09-15 20:25:41
657,34,接班人_winner,5959,失败,2021-09-15 20:26:05
658,432,AF_誓言,3849,胜利,2021-09-15 20:26:16
659,160,cH_悠然の挚爱_虾桑,4721,胜利,2021-09-15 20:26:29
660,255,御坂10777号,7992,胜利,2021-09-15 20:26:41
661,424,Bloodstream,3959,失败,2021-09-15 20:26:49
662,306,cH_悠然の挚爱_虾桑,8397,胜利,2021-09-15 20:27:12
663,210,AF_誓言,3385,胜利,2021-09-15 20:59:39
664,427,AF_誓言,5416,胜利,2021-09-15 20:59:51
666,135,AF_誓言,4141,胜利,2021-09-15 21:01:45
667,317,豹豹酱是个RBQ呀,5753,胜利,2021-09-15 21:01:55
668,128,豹豹酱是个RBQ呀,6197,胜利,2021-09-15 21:02:26
669,254,豹豹酱是个RBQ呀,4881,胜利,2021-09-15 21:03:02
670,310,御坂10777号,5091,失败,2021-09-15 21:03:18
671,232,豹豹酱是个RBQ呀,3174,胜利,2021-09-15 21:03:40
672,450,豹豹酱是个RBQ呀,5107,胜利,2021-09-15 21:04:17
674,136,ArianaGrande,4694,胜利,2021-09-15 21:05:19
675,175,HK416,3768,胜利,2021-09-15 21:07:24
676,132,ArianaGrande,4233,胜利,2021-09-15 21:07:33
677,31,SAC联赛白给-终结2018,6165,胜利,2021-09-15 21:33:33
678,34,LordChen,6033,胜利,2021-09-15 21:33:40
679,221,玩福煦必没马,6630,胜利,2021-09-15 21:34:29
680,317,M28ask,8427,胜利,2021-09-15 21:35:13
681,329,Alm_misaka_CN,5881,胜利,2021-09-15 21:36:19
682,449,LIGht_快乐白给_最强孤,3747,胜利,2021-09-15 21:37:41
683,331,川皇丶斯基,4072,失败,2021-09-15 21:42:05
684,126,LordChen,4973,胜利,2021-09-15 21:52:35
685,130,LordChen,4646,胜利,2021-09-15 21:52:43
686,403,LordChen,4854,胜利,2021-09-15 21:53:02
687,66,LordChen,966,胜利,2021-09-15 21:53:12
688,370,LordChen,4262,胜利,2021-09-15 21:53:24
689,352,LordChen,3765,胜利,2021-09-15 22:02:51
690,412,LordChen,951,胜利,2021-09-15 22:03:21
691,128,SoC-Misaka,6741,胜利,2021-09-15 22:03:40
692,119,LordChen,2132,胜利,2021-09-15 22:03:47
693,328,LordKen_iron,4297,胜利,2021-09-15 22:03:59
694,354,SoC-Misaka,5101,胜利,2021-09-15 22:04:06
695,131,SoC-Misaka,5268,胜利,2021-09-15 22:09:16
696,128,jhjjh_2021,7455,胜利,2021-09-15 22:09:27
697,313,Montpellier_★,5641,胜利,2021-09-16 00:02:57
698,211,SoC-Misaka,5490,胜利,2021-09-16 00:03:23
699,36,SXE_彼夜、时雨未央,6023,胜利,2021-09-16 08:08:19
700,388,Montpellier,4443,胜利,2021-09-16 08:09:53
701,183,SoC-Misaka,4031,胜利,2021-09-16 08:10:05
702,140,SXE_彼夜、时雨未央,5981,胜利,2021-09-16 08:10:16
703,251,无害又可爱の雪风酱哒,6771,胜利,2021-09-16 08:10:26
704,140,SXE_彼夜、时雨未央,6019,胜利,2021-09-16 09:08:25
705,367,无害又可爱の雪风酱哒,8183,胜利,2021-09-16 09:08:32
706,383,SXE_彼夜、时雨未央,5561,胜利,2021-09-16 09:08:39
707,114,SXE_彼夜、时雨未央,4077,胜利,2021-09-16 09:08:49
708,314,Montpellier_★,5849,胜利,2021-09-16 09:08:57
709,399,无害又可爱の雪风酱哒,4805,胜利,2021-09-16 09:09:02
710,130,SoC-Misaka,7315,胜利,2021-09-16 09:11:30
711,160,SoC-Misaka,5155,失败,2021-09-16 09:12:11
712,261,SoC-Misaka,5060,失败,2021-09-16 09:12:18
713,335,SXE_彼夜、时雨未央,7077,失败,2021-09-16 09:12:49
714,128,SoC-Misaka,6215,平局,2021-09-16 09:12:59
715,134,SoC-Misaka,6484,失败,2021-09-16 09:16:08
716,138,一生所爱·nxn,6192,胜利,2021-09-16 09:16:34
717,164,SoC-Misaka,4319,胜利,2021-09-16 09:16:49
718,135,一生所爱·nxn,5703,胜利,2021-09-16 09:17:36
719,227,Alm_misaka_CN,4253,胜利,2021-09-16 09:18:18
720,332,虎鲨计划,5059,胜利,2021-09-16 09:18:51
721,388,一生所爱·nxn,5444,平局,2021-09-16 09:19:12
722,33,虎鲨计划,6338,失败,2021-09-16 09:19:18
723,462,虎鲨计划,4117,胜利,2021-09-16 09:19:49
724,130,LIGht_快乐白给_最强孤,7594,胜利,2021-09-16 09:20:14
725,130,太平洋_9,7896,胜利,2021-09-16 09:20:21
726,284,FloodedFlover,1362,胜利,2021-09-16 09:20:29
727,346,黄韵炜1,6021,胜利,2021-09-16 09:20:36
728,290,series500九条美里,3307,胜利,2021-09-16 09:20:57
729,383,FloodedFlover,5413,胜利,2021-09-16 09:21:03
730,131,LIGht_快乐白给_最强孤,5019,胜利,2021-09-16 09:21:10
731,453,FloodedFlover,2592,失败,2021-09-16 09:21:48
732,423,Rasputin-typeK,8654,胜利,2021-09-16 09:22:08
733,122,Rasputin-typeK,8006,胜利,2021-09-16 09:22:22
734,27,浪神呦,7361,胜利,2021-09-16 09:22:45
735,32,取名超浪费脑细胞,7200,胜利,2021-09-16 09:22:56
736,126,kkkk_128,6935,,2021-09-16 09:23:05
739,195,series500九条美里,2508,胜利,2021-09-16 09:29:58
740,195,IFA_团小闹钟_万场氪孤,3155,胜利,2021-09-16 10:48:21
741,286,Cloud9.Shroud,1964,胜利,2021-09-16 10:49:30
742,33,jsjsjzisjsj5,7160,胜利,2021-09-16 10:49:41
743,129,jsjsjzisjsj5,6339,失败,2021-09-16 10:49:52
744,283,Cloud9.Shroud,2658,胜利,2021-09-16 10:50:02
745,328,Cloud9.Shroud,4773,胜利,2021-09-16 10:50:10
746,85,Cloud9.Shroud,1482,胜利,2021-09-16 10:50:18
747,130,浪神呦,7225,胜利,2021-09-16 10:50:26
748,131,莱因哈特.冯.霍夫曼,5477,胜利,2021-09-16 10:50:32
749,127,海因里希·汉斯·邓尼茨,7833,胜利,2021-09-16 10:50:40
750,465,roll.14,5114,胜利,2021-09-16 10:50:49
751,153,魔法少女tritri,4136,胜利,2021-09-16 11:06:32
752,166,LSP_系雪风大人_祥瑞御免,3894,胜利,2021-09-16 11:06:41
753,430,魔法少女tritri,5962,胜利,2021-09-16 11:06:53
754,374,魔法少女tritri,4604,胜利,2021-09-16 11:07:13
755,26,LSP_是屑某登啊_Feb.,5938,胜利,2021-09-16 11:07:27
756,198,LSP_是屑某登呀_Feb.,5026,失败,2021-09-16 11:07:33
757,131,银帝,6748,平局,2021-09-16 11:08:21
758,250,LSP_系雪风大人_祥瑞御免,3732,失败,2021-09-16 12:13:00
759,191,LSP_系雪风大人_祥瑞御免,3140,胜利,2021-09-16 12:13:20
760,310,LSP_系雪风大人_祥瑞御免,3456,胜利,2021-09-16 12:13:30
761,148,LSP_系雪风大人_祥瑞御免,3630,胜利,2021-09-16 12:13:34
762,466,LSP_系雪风大人_祥瑞御免,3586,胜利,2021-09-16 12:13:43
763,36,凌莲初启,6387,胜利,2021-09-16 13:00:03
764,36,绾花行,7064,胜利,2021-09-16 13:00:12
765,356,Ender007-1,6596,失败,2021-09-16 14:30:12
766,430,Ender007-1,6452,胜利,2021-09-16 14:30:33
767,329,Ender007-1,4304,胜利,2021-09-16 14:31:15
768,423,Ender007-1,6169,胜利,2021-09-16 14:31:51
769,332,SXE_彼夜、时雨未央,6656,失败,2021-09-16 14:32:34
770,403,jhjjh_2021,6115,胜利,2021-09-16 14:33:06
771,133,Cr7Lz_Ain0Nrt_,6004,胜利,2021-09-16 14:33:31
772,439,KZT085,3050,胜利,2021-09-16 14:34:21
773,129,ZXF_25,5778,胜利,2021-09-16 16:08:12
775,126,AF_誓言,5539,胜利,2021-09-16 16:08:20
776,319,一生所爱·nxn,5008,失败,2021-09-16 16:16:11
777,133,SPIC撞爆老鼠-,5666,胜利,2021-09-16 16:42:26
778,316,Xper1a_arc,8214,胜利,2021-09-16 16:57:37
779,316,Xper1a_arc,6939,胜利,2021-09-16 17:18:28
780,259,Xper1a_arc,6215,胜利,2021-09-16 17:18:40
785,255,Xper1a_arc,7833,胜利,2021-09-16 17:19:33
786,316,Xper1a_arc,6065,胜利,2021-09-16 17:43:54
787,190,Xper1a_arc,5229,胜利,2021-09-16 17:44:14
788,224,Xper1a_arc,3174,胜利,2021-09-16 17:44:32
789,198,Xper1a_arc,5096,胜利,2021-09-16 17:44:46
790,236,SoC-Misaka,3307,胜利,2021-09-16 18:42:27
791,313,peony_1,4807,胜利,2021-09-16 19:21:58
792,151,cctv90708,5308,胜利,2021-09-16 20:05:05
793,114,Masked_混子,5308,失败,2021-09-16 21:58:56
794,133,温柔,6226,失败,2021-09-17 01:11:39
795,33,Strv122^Surtr_,8273,胜利,2021-09-17 01:11:48
796,349,Strv122^Surtr_,6932,失败,2021-09-17 01:16:32
797,432,Strv122^Surtr_,5220,胜利,2021-09-17 01:16:40
798,256,海因里希·汉斯·冯·邓尼茨,4422,胜利,2021-09-17 01:16:53
799,193,海因里希·汉斯·冯·邓尼茨,4405,胜利,2021-09-17 01:17:00
800,382,海因里希·汉斯·冯·邓尼茨,4292,胜利,2021-09-17 01:17:07
801,233,海因里希·汉斯·冯·邓尼茨,3057,胜利,2021-09-17 01:17:13
802,236,海因里希·汉斯·冯·邓尼茨,3843,胜利,2021-09-17 01:17:21
803,184,海因里希·汉斯·冯·邓尼茨,3701,胜利,2021-09-17 01:17:30
804,74,海因里希·汉斯·冯·邓尼茨,2491,胜利,2021-09-17 01:17:39
805,79,海因里希·汉斯·冯·邓尼茨,2022,胜利,2021-09-17 01:17:45
806,365,海因里希·汉斯·冯·邓尼茨,3797,胜利,2021-09-17 01:17:49
807,155,海因里希·汉斯·冯·邓尼茨,4390,失败,2021-09-17 01:17:55
808,147,海因里希·汉斯·冯·邓尼茨,5082,胜利,2021-09-17 01:18:03
809,293,海因里希·汉斯·冯·邓尼茨,4283,胜利,2021-09-17 01:18:05
810,258,jsjsjzisjsj5,4134,胜利,2021-09-17 01:18:11
811,331,Xper1a_arc,6394,平局,2021-09-17 01:18:27
812,316,Xper1a_arc,6418,胜利,2021-09-17 01:19:32
813,190,Xper1a_arc,4857,胜利,2021-09-17 01:19:52
814,133,Xper1a_arc,6237,胜利,2021-09-17 01:20:15
815,208,Xper1a_arc,5312,胜利,2021-09-17 01:20:23
816,432,Xper1a_arc,5194,失败,2021-09-17 01:20:45
817,316,Xper1a_arc,7449,胜利,2021-09-17 01:20:59
818,134,Xper1a_arc,7014,胜利,2021-09-17 01:22:12
819,250,Xper1a_arc,5204,胜利,2021-09-17 01:46:18
820,334,Xper1a_arc,7250,胜利,2021-09-17 01:46:57
821,208,Xper1a_arc,6274,胜利,2021-09-17 01:49:27
822,465,Xper1a_arc,5119,胜利,2021-09-17 01:49:59
823,314,Xper1a_arc,6406,胜利,2021-09-17 01:50:09
824,134,Xper1a_arc,6899,胜利,2021-09-17 01:51:17
825,26,亚托莉,7202,胜利,2021-09-17 01:53:21
826,332,キツネ_月之痕殇_雪月狐,6712,胜利,2021-09-17 01:53:37
827,221,キツネ_月之痕殇_雪月狐,6521,胜利,2021-09-17 01:54:11
828,318,Cloud9.Shroud,5577,失败,2021-09-17 01:59:57
829,323,JWX_2019,5475,胜利,2021-09-17 02:09:45
830,119,JWX_2019,2390,胜利,2021-09-17 02:10:16
831,420,JWX_2019,6197,胜利,2021-09-17 02:10:27
832,381,JWX_2019,3488,胜利,2021-09-17 02:10:38
833,109,JWX_2019,4160,胜利,2021-09-17 09:27:48
834,103,JWX_2019,3606,胜利,2021-09-17 09:28:36
835,224,JWX_2019,3892,胜利,2021-09-17 09:30:19
836,318,Xper1a_arc,6567,胜利,2021-09-17 09:32:47
838,353,HK416,3709,胜利,2021-09-17 10:33:00
839,194,零的英雄,4706,胜利,2021-09-17 11:28:14
840,308,roll.14,4089,胜利,2021-09-17 11:28:19
841,402,海因里希·汉斯·冯·邓尼茨,3962,胜利,2021-09-17 13:13:15
842,310,series500九条美里,3944,胜利,2021-09-17 13:14:15
843,185,cctv90708,4578,胜利,2021-09-17 17:06:05
844,165,BG2018,5517,,2021-09-18 00:25:25
845,128,佛家子人,5564,胜利,2021-09-18 00:25:54
846,27,Ender007-1,5900,胜利,2021-09-18 00:26:23
847,291,牧夫座α-点虎道长-CN,5196,胜利,2021-09-18 00:26:33
848,269,牧夫座α-点虎道长-CN,3439,胜利,2021-09-18 00:26:44
849,131,须臾千里,4451,胜利,2021-09-18 00:27:06
850,166,爱吃阿萨姆点大吉岭,5126,胜利,2021-09-18 10:14:20
851,384,爱吃阿萨姆的大吉岭,4590,胜利,2021-09-18 10:15:12
853,150,爱吃阿萨姆的大吉岭,4690,胜利,2021-09-18 10:16:32
854,250,Ender007-1,5430,失败,2021-09-18 10:16:44
855,432,批血旺汤,6232,胜利,2021-09-18 10:16:57
856,30,佩琪只想躺,7163,胜利,2021-09-18 10:17:24
857,432,AF誓言,4250,胜利,2021-09-18 10:17:44
858,225,BG2018,4233,,2021-09-18 10:17:53
859,145,农娜.,4660,胜利,2021-09-18 14:30:09
860,326,Alm_misaka_CN,6049,胜利,2021-09-18 22:36:23
861,134,LSP_系雪风大人_祥瑞御免,3808,胜利,2021-09-18 22:49:27
862,425,骗吃骗喝戈本酱,6258,胜利,2021-09-18 22:49:47
863,412,Rip_Hamilton,1208,胜利,2021-09-18 22:50:06
864,128,Doubikill,8033,失败,2021-09-19 16:28:27
865,156,最爱小蘑菇’,5811,平局,2021-09-19 16:34:32
866,331,混蛋1号,5193,胜利,2021-09-19 16:35:24
867,31,变成光守护你的贡品,6952,胜利,2021-09-19 17:35:31
868,31,cH_悠然の挚爱_虾桑,7088,胜利,2021-09-19 17:35:38
869,291,牧夫座α-点虎道长-CN,4403,胜利,2021-09-20 12:15:17
870,163,Alm_misaka_CN,5215,胜利,2021-09-20 12:15:31
871,251,我dnmd真哒.,6086,胜利,2021-09-20 12:15:50
872,139,取名超浪费脑细胞,5383,胜利,2021-09-20 12:15:59
873,432,♥♥♥♂♥♥♥,4840,胜利,2021-09-20 12:16:18
874,130,seongjang,8648,失败,2021-09-20 12:16:26
875,199,变成光守护你的贡品,3195,胜利,2021-09-20 12:16:34
876,36,凌莲初启,6715,胜利,2021-09-20 12:17:00
877,127,须臾千里,5447,胜利,2021-09-20 12:21:07
878,34,豹豹酱是个RBQ呀,6187,胜利,2021-09-20 12:21:15
879,314,豹豹酱是个RBQ呀,6773,胜利,2021-09-20 12:21:20
880,153,豹豹酱是个RBQ呀,5341,胜利,2021-09-20 12:21:26
881,346,豹豹酱是个RBQ呀,6013,胜利,2021-09-20 12:21:43
882,153,Shirai_kuroko♡,5379,胜利,2021-09-20 18:24:43
883,129,Shirai_kuroko♡,5826,胜利,2021-09-20 18:25:20
884,350,Shirai_kuroko♡,4427,胜利,2021-09-20 18:25:26
885,146,Shirai_kuroko♡,5281,胜利,2021-09-20 18:25:55
886,329,Shirai_kuroko♡,5088,胜利,2021-09-20 18:26:21
887,33,Shirai_kuroko♡,6783,失败,2021-09-20 18:26:53
888,363,Shirai_kuroko♡,5075,胜利,2021-09-20 18:27:16
889,400,Shirai_kuroko♡,3487,胜利,2021-09-20 18:27:34
890,329,万场氪孤_史尔特尔_莱万特,4352,胜利,2021-09-20 18:27:48
891,197,万场氪孤_史尔特尔_莱万特,3356,胜利,2021-09-20 18:28:07
892,231,Xper1a_Arc,3441,胜利,2021-09-21 19:59:01
893,251,iRoamer,8183,胜利,2021-09-22 09:01:33
894,159,FSD_运筹帷幄_诸伏艾桑,3462,胜利,2021-09-22 11:43:50
895,183,FSD_运筹帷幄_诸伏艾桑,4122,胜利,2021-09-22 11:44:12
896,463,FSD_运筹帷幄_诸伏艾桑,2630,胜利,2021-09-22 11:45:13
897,203,FSD_运筹帷幄_诸伏艾桑,3321,胜利,2021-09-22 11:45:36
898,104,FSD_运筹帷幄_诸伏艾桑,3140,胜利,2021-09-22 11:47:35
899,217,FSD_运筹帷幄_诸伏艾桑,1920,胜利,2021-09-22 11:48:43
900,213,4SA_威严满满_天狼星,3221,失败,2021-09-22 20:04:41
901,128,Alm_misaka_CN,6427,胜利,2021-09-23 19:53:16
902,468,♥♥♥♂♥♥♥,6576,胜利,2021-09-23 19:56:52
903,148,Cv6_stern,5625,胜利,2021-09-23 19:57:10
904,250,Cv6_stern,5410,胜利,2021-09-23 19:57:17
905,352,Cv6_stern,4034,胜利,2021-09-23 19:57:24
906,370,Cv6_stern,4501,胜利,2021-09-23 19:57:28
907,350,喀秋莎开着喀秋莎唱喀秋莎,6365,胜利,2021-09-24 10:37:30
908,331,军武-心醉菩提-罗沙中校,5032,胜利,2021-09-24 10:38:07
909,206,wyllll,6626,胜利,2021-09-24 10:38:35
910,181,香蕉蛞蝓,4094,胜利,2021-09-24 15:21:01
911,493,香蕉蛞蝓,3898,胜利,2021-09-24 15:21:15
912,315,香蕉蛞蝓,4661,胜利,2021-09-24 15:21:28
913,158,香蕉蛞蝓,4753,失败,2021-09-24 15:21:40
914,181,香蕉蛞蝓,3829,胜利,2021-09-24 15:22:25
915,315,香蕉蛞蝓,4511,胜利,2021-09-24 15:22:35
916,474,香蕉蛞蝓,4312,胜利,2021-09-24 15:22:47
917,122,IBS_肥宅kari,7549,胜利,2021-09-24 15:22:54
918,146,IBS_神徒强化型_300A,5061,失败,2021-09-24 15:23:00
919,404,自我主义丶依神しおん,6539,失败,2021-09-24 15:23:12
920,384,和泉纱雾x零二酱,5772,平局,2021-09-24 15:23:23
921,128,成谨.喜欢写进心里,7592,失败,2021-09-25 10:51:39
922,32,Fe春秋五霸,5260,胜利,2021-09-25 10:52:04
923,33,shaek,8147,胜利,2021-09-25 10:52:17
924,103,喀秋莎开着喀秋莎唱喀秋莎,4403,失败,2021-09-25 10:53:11
925,489,jsjsjzisjsj5,3944,胜利,2021-09-25 10:53:25
926,356,Bloodstream,6721,胜利,2021-09-25 10:53:37
927,515,Bloodstream,3239,胜利,2021-09-25 10:53:49
928,521,和泉纱雾x零二酱,5585,胜利,2021-09-25 10:54:40
929,512,和泉纱雾x零二酱,3743,胜利,2021-09-25 10:54:48
930,515,和泉纱雾x零二酱,4684,胜利,2021-09-25 10:54:58
931,28,和泉纱雾x零二酱,5799,胜利,2021-09-25 10:55:27
932,373,和泉纱雾x零二酱,5088,胜利,2021-09-25 10:55:33
933,198,和泉纱雾x零二酱,5420,胜利,2021-09-25 10:55:38
934,198,和泉纱雾x零二酱,5266,胜利,2021-09-25 10:55:44
935,355,和泉纱雾x零二酱,5813,胜利,2021-09-25 10:56:06
936,316,和泉纱雾x零二酱,7610,胜利,2021-09-25 10:56:49
937,384,宇宙大巡鸭滑,4963,失败,2021-09-25 10:57:25
938,118,军武-心醉菩提-罗沙中校,3070,胜利,2021-09-25 10:57:36
939,314,军武-心醉菩提-罗沙中校,5669,胜利,2021-09-25 10:57:46
940,366,Blood_Sakura_琪,8354,平局,2021-09-25 10:57:57
941,36,vk100.01(P),8662,胜利,2021-09-28 21:44:04
942,316,老兵锋仔,6245,胜利,2021-09-28 21:44:07
943,126,道德君,5490,胜利,2021-09-28 21:44:10
944,214,联盟72号领航员,4005,胜利,2021-09-28 21:44:12
945,126,道德君,5490,胜利,2021-09-28 21:44:13
946,516,Shirai_kuroko♡,3176,胜利,2021-09-28 21:44:22
947,326,道德君,4707,胜利,2021-09-28 21:44:30
948,214,联盟72号领航员,4005,胜利,2021-09-28 21:45:05
949,151,明月夜_steel,1468,胜利,2021-09-28 21:51:43
950,383,稻叶sama,7210,胜利,2021-09-29 13:10:35
951,506,Xper1a_Arc,6294,胜利,2021-09-29 13:10:47
952,481,Xper1a_Arc,3885,胜利,2021-09-29 13:10:53
953,506,Xper1a_Arc,5636,胜利,2021-09-29 13:10:57
954,27,Xper1a_Arc,6228,胜利,2021-09-29 13:11:01
955,164,Xper1a_Arc,4915,胜利,2021-09-29 13:11:04
956,451,Ender007-1,6107,胜利,2021-09-29 13:11:20
957,374,worldpeace,4169,胜利,2021-09-29 13:11:34
958,371,逝风c,4287,胜利,2021-09-29 13:11:44
959,247,逝风c,3278,胜利,2021-09-29 13:11:52
960,394,逝风c,3249,胜利,2021-09-29 13:11:58
961,491,逝风c,3272,胜利,2021-09-29 13:12:07
962,518,逝风c,5115,胜利,2021-09-29 13:12:15
963,204,逝风c,3176,胜利,2021-09-29 13:12:20
964,133,港记健步如飞,5394,胜利,2021-09-29 13:12:29
965,181,逝风c,4078,胜利,2021-09-29 13:12:37
966,232,Alm_misaka_CN,4427,失败,2021-09-29 13:12:46
967,314,绿波电龙爱上午安大电牛,7127,胜利,2021-09-29 13:13:54
968,383,绿波电龙爱上午安大电牛,7543,胜利,2021-09-29 13:13:58
969,383,绿波电龙爱上午安大电牛,6693,失败,2021-09-29 13:14:02
970,521,4SA_威严满满_天狼星,6950,胜利,2021-09-29 13:14:06
971,438,IFA_团小闹钟_万场氪姑,3664,胜利,2021-09-29 13:14:10
972,513,爱吃阿萨姆的大吉岭,6496,胜利,2021-09-30 19:56:07
973,514,爱吃阿萨姆的大吉岭,4137,胜利,2021-09-30 19:56:18
974,521,批血旺汤,7029,胜利,2021-09-30 19:56:40
975,483,为所欲为丶异灵术,3004,胜利,2021-10-05 12:50:06
976,316,宇宙大巡鸭滑,5144,胜利,2021-10-05 12:53:20
977,342,关少锦棠,4041,胜利,2021-10-05 12:53:33
978,432,星凡辰空,4528,胜利,2021-10-05 12:54:20
979,466,星凡辰空,6050,胜利,2021-10-05 12:54:32
980,216,萌王_利姆露！,6825,胜利,2021-10-05 12:54:54
981,236,明月夜_steel,2637,胜利,2021-10-05 12:55:11
982,343,变成光守护你的贡品,4269,胜利,2021-10-05 12:55:45
983,254,yuzekunkun,5049,胜利,2021-10-05 12:56:36
984,206,nip的f0rest,7087,胜利,2021-10-05 12:56:41
985,35,杨家_我是大虾_Guard,7259,胜利,2021-10-05 12:57:30
986,31,杨家_我是大虾_Guard,8386,胜利,2021-10-05 12:57:35
987,331,杨家_我是大虾_Guard,5261,胜利,2021-10-05 12:57:40
988,313,我就是天意!,6691,胜利,2021-10-05 12:57:45
989,332,GoT-dream,9001,胜利,2021-10-05 12:57:51
990,417,キツネ_月之痕殇_雪月狐,5696,失败,2021-10-05 13:13:25
991,206,ТОР_つ°夏至,9047,胜利,2021-10-05 13:14:17
992,344,踏遍世间的十二辉剑,6139,胜利,2021-10-05 13:14:56
993,290,FSD_运筹帷幄_诸伏艾桑,3410,胜利,2021-10-05 13:17:54
994,176,FSD_运筹帷幄_诸伏艾桑,3678,胜利,2021-10-05 13:18:08
995,417,创世神－MC,5115,胜利,2021-10-05 13:18:15
996,490,FSD_运筹帷幄_诸伏艾桑,4323,胜利,2021-10-05 13:18:32
997,87,FSD_运筹帷幄_诸伏艾桑,2281,胜利,2021-10-05 13:19:01
998,342,创世神－MC,4564,胜利,2021-10-05 13:19:07
999,95,FSD_运筹帷幄_诸伏艾桑,2719,胜利,2021-10-05 13:19:27
1000,141,Bloodstream,3965,胜利,2021-10-05 13:19:47
1001,295,海因里希·汉斯·冯·邓尼茨,1542,胜利,2021-10-05 13:20:00
1002,159,海因里希·汉斯·冯·邓尼茨,4635,胜利,2021-10-05 13:20:10
1003,194,Bloodstream,3709,胜利,2021-10-05 13:20:37
1004,517,海因里希·汉斯·冯·邓尼茨,3090,胜利,2021-10-05 13:41:48
1005,168,FSD_运筹帷幄_诸伏艾桑,4586,失败,2021-10-07 02:51:38
1006,287,FSD_红茶镖局_橙黄白毫,2407,胜利,2021-10-07 02:51:56
1007,272,AF_誓言,5993,失败,2021-10-07 10:33:33
1008,244,HKSW_1,5003,平局,2021-10-07 10:33:42
1009,269,HKSW_1,5218,胜利,2021-10-07 10:33:56
1010,334,HKSW_1,5175,胜利,2021-10-07 10:33:56
1011,33,ncb,7731,胜利,2021-10-07 10:34:21
1012,507,TOP_Fortune_星辰,6030,失败,2021-10-07 10:35:30
1013,258,TOP_Fortune_星辰,5173,胜利,2021-10-07 10:35:39
1014,165,TOP_Fortune_星辰,6613,失败,2021-10-07 10:35:43
1015,273,TOP_Fortune_星辰,5035,胜利,2021-10-07 10:35:50
1016,419,TOP_Fortune_星辰,5760,胜利,2021-10-07 10:36:00
1017,492,TOP_Fortune_星辰,4733,胜利,2021-10-07 10:36:04
1018,264,TOP_Fortune_星辰,3859,胜利,2021-10-07 10:36:13
1019,388,cH_悠然の挚爱_虾桑,5201,胜利,2021-10-07 10:38:26
1020,512,我就是天意!,4160,胜利,2021-10-07 10:38:38
1021,383,须臾千里,5907,胜利,2021-10-07 10:39:16
1022,134,ncb,7670,胜利,2021-10-07 10:39:29
1023,127,踏遍世间的十二辉剑,6019,胜利,2021-10-07 10:39:46
1024,131,NOYA_CN,7325,胜利,2021-10-07 10:39:55
1025,366,AF_誓言,5389,失败,2021-10-07 10:42:25
1026,370,FSD_运筹帷幄_诸伏艾桑,5557,胜利,2021-10-07 10:43:56
1027,157,FSD_运筹帷幄_诸伏艾桑,3989,胜利,2021-10-07 10:45:28
1028,374,FSD_运筹帷幄_诸伏艾桑,5122,胜利,2021-10-07 10:46:16
1029,146,联盟72号领航员,6568,胜利,2021-10-07 10:46:28
1030,425,Phecda_天玑,7161,失败,2021-10-07 10:46:39
1031,521,Phecda_天玑,8133,胜利,2021-10-07 10:46:59
1032,205,Phecda_天玑,4019,失败,2021-10-07 10:47:10
1033,33,Phecda_天玑,7837,胜利,2021-10-07 10:47:39
1034,134,akiya-sakura,8283,胜利,2021-10-07 10:47:48
1035,356,伤能冷的痛,4811,胜利,2021-10-07 10:47:59
1036,527,Pzcccccc,8262,胜利,2021-10-07 10:48:20
1037,525,何以为胜,7160,胜利,2021-10-07 10:48:26
1038,198,我们殉爆了敌方车长,5464,胜利,2021-10-07 10:48:37
1039,259,变成贡品守护睡狮哥哥,4513,胜利,2021-10-07 15:57:58
1040,145,骑驴追宝马,5377,胜利,2021-10-07 15:58:16
1041,130,LordChen,6243,胜利,2021-10-11 12:02:21
1042,335,ncb,6702,胜利,2021-10-11 12:02:33
1043,400,ncb,4773,平局,2021-10-11 12:02:57
1044,510,ncb,4213,平局,2021-10-11 12:07:54
1045,168,ncb,4306,胜利,2021-10-11 12:08:09
1046,168,ncb,4926,平局,2021-10-11 12:08:14
1047,313,ncb,5684,胜利,2021-10-11 12:08:24
1048,168,某科学の超级啥b,4347,胜利,2021-10-11 12:08:44
1049,128,ncb,7570,胜利,2021-10-11 12:08:55
1050,168,某科学の超级啥b,4709,失败,2021-10-11 12:10:15
1051,362,某科学の超级啥b,4725,胜利,2021-10-11 12:23:26
1052,387,某科学の超级啥b,5303,胜利,2021-10-11 12:23:47
1053,27,wei141,6289,胜利,2021-10-11 12:23:56
1054,528,AR_神游八方_四海狂龙,5106,胜利,2021-10-11 12:24:01
1055,130,AR_神游八方_四海狂龙,6593,胜利,2021-10-11 12:24:06
1056,151,笙梅-dear,7644,胜利,2021-10-11 12:24:24
1057,392,魔法少女tritri,6989,胜利,2021-10-11 12:24:27
1058,326,妤の最终曲,6627,失败,2021-10-11 12:24:55
1059,403,.西伯利亚挖土豆.,5810,胜利,2021-10-11 12:24:58
1060,526,.西伯利亚挖土豆.,6131,失败,2021-10-11 12:25:03
1061,207,我就是天意!,3630,胜利,2021-10-11 12:25:45
1062,129,笙梅-dear,6863,胜利,2021-10-11 12:28:37
1063,248,A.21hcxr,5078,胜利,2021-10-11 12:28:41
1064,34,X.F.Y.白唐.Fairy,7440,平局,2021-10-11 12:28:44
1065,127,時代を超える想い,7750,胜利,2021-10-11 12:28:48
1066,225,LordKen_iron,2865,胜利,2021-10-11 12:28:53
1067,526,player-2021-13,7557,胜利,2021-10-11 12:28:58
1068,468,player-2021-13,7985,平局,2021-10-11 12:29:06
1069,142,御坂10777号,5832,胜利,2021-10-11 12:29:08
1070,483,Bloodstream,3254,胜利,2021-10-11 12:29:11
1071,483,Bloodstream,3191,胜利,2021-10-11 12:29:17
1072,128,ncb,7570,胜利,2021-10-11 12:29:23
1073,430,ncb,5788,胜利,2021-10-11 12:29:44
1074,318,ncb,5661,胜利,2021-10-11 12:30:28
1075,456,worldpeace,2607,胜利,2021-10-11 12:30:31
1076,136,NCR_吉林大学招生办,5263,胜利,2021-10-11 12:30:34
1077,128,ZEON.菜鸡一个,7243,胜利,2021-10-11 12:30:38
1078,244,-耗儿药-,7171,胜利,2021-10-11 12:31:05
1079,181,EX神風丶白给_WOTB,5557,胜利,2021-10-11 12:31:13
1080,526,落魄,6664,胜利,2021-10-11 12:34:45
1081,117,FSD_红茶镖局_橙黄白毫（原名橙黄白毫official）,2256,胜利,2021-10-16 19:46:51
1082,322,桃井最中Monaka,6114,失败,2021-10-16 19:47:00
1083,34,桃井最中Monaka,6610,失败,2021-10-16 19:47:04
1084,313,言语如苏打般涌现,6880,胜利,2021-10-16 19:47:15
1085,163,Spuad404~,5585,失败,2021-10-16 19:47:26
1086,322,言语如苏打般涌现,7189,失败,2021-10-16 19:47:31
1087,313,syh1206,5485,胜利,2021-10-16 19:47:39
1088,322,ZEON.菜鸡一个,6781,胜利,2021-10-16 19:48:14
1089,317,TOP_Fortune_星辰,7032,胜利,2021-10-16 19:48:25
1090,528,ZEON.菜鸡一个,5213,胜利,2021-10-16 19:48:40
1091,346,TOP_Fortune_星辰,9269,胜利,2021-10-16 19:48:50
1092,157,牧夫座α-点虎道长-CN,4802,失败,2021-10-16 19:49:02
1093,322,NOYA_CN,7013,胜利,2021-10-16 19:49:10
1094,127,4SA_威严满满_天狼星,7709,胜利,2021-10-16 19:49:16
1095,528,吹雪级绫波,5828,失败,2021-10-16 19:49:29
1096,516,道德君,3716,胜利,2021-10-16 19:49:44
1097,523,道德君,3857,胜利,2021-10-16 19:49:57
1098,32,道德君,4438,胜利,2021-10-16 19:50:09
1099,141,道德君,4176,胜利,2021-10-16 19:50:20
1100,127,伤能冷的痛,6971,胜利,2021-10-16 19:50:33
1101,383,Bei_Hai,6029,胜利,2021-10-16 19:50:43
1102,339,水默含声,8044,胜利,2021-10-16 19:50:56
1103,134,妹妹泡我,6937,平局,2021-10-16 19:51:00
1104,272,银帝,7141,失败,2021-10-16 19:51:03
1105,451,httyd2010,6748,胜利,2021-10-17 13:33:24
1106,31,创世神－MC,7184,胜利,2021-10-17 13:33:28
1107,322,甜甜想吃糖,7101,失败,2021-10-17 13:33:39
1108,231,ARC_B站幻象星辰,3810,胜利,2021-10-17 13:33:46
1109,509,.Lemon酱爱着鹤大人呐～,4368,胜利,2021-10-18 00:05:15
1110,33,7SMV_呆瓜,6725,胜利,2021-10-18 00:08:00
1111,328,7SMV_呆瓜,5347,胜利,2021-10-18 00:08:26
1112,423,PLD_白给天神_断网墨麟,7368,失败,2021-10-18 00:08:43
1113,126,2333_176,9793,胜利,2021-10-18 00:08:58
1114,311,何以为胜,4620,胜利,2021-10-18 00:09:10
1115,516,Khanjali,3780,胜利,2021-10-19 13:07:23
1116,184,脱壳尾翼风帽穿甲弹,5435,胜利,2021-10-19 13:07:36
1117,518,7SMV_呆瓜,5744,胜利,2021-10-19 13:07:48
1118,403,7SMV_呆瓜,6657,胜利,2021-10-19 13:07:51
1119,356,7SMV_呆瓜,7313,失败,2021-10-19 13:07:53
1120,322,7SMV_呆瓜,6757,胜利,2021-10-19 13:07:56
1121,32,7SMV_呆瓜,6330,胜利,2021-10-19 13:07:58
1122,136,7SMV_呆瓜,6085,胜利,2021-10-19 13:08:01
1123,145,7SMV_呆瓜,5472,胜利,2021-10-19 13:08:04
1124,54,7SMV_呆瓜,1747,胜利,2021-10-19 13:08:09
1125,128,4SA_威严满满_天狼星,7365,失败,2021-10-19 13:08:13
1126,32,取名超浪费脑细胞,7083,胜利,2021-10-19 13:08:17
1127,165,取名超浪费脑细胞,5832,失败,2021-10-19 13:08:26
1128,32,取名超浪费脑细胞,7083,胜利,2021-10-19 13:08:31
1129,528,伤能冷的痛,6298,胜利,2021-10-19 13:08:44
1130,212,脱壳尾翼风帽穿甲弹,3949,胜利,2021-10-19 13:08:54
1131,344,4dmAnTme10n,6324,胜利,2021-10-20 00:14:52
1132,130,7SMV_呆瓜,6914,胜利,2021-10-20 00:14:54
1133,366,7SMV_呆瓜,5973,胜利,2021-10-20 00:14:58
1134,384,7SMV_呆瓜,5340,胜利,2021-10-20 00:15:01
1135,127,7SMV_呆瓜,6498,胜利,2021-10-20 00:15:08
1136,31,7SMV_呆瓜,6339,胜利,2021-10-20 00:15:13
1137,317,YUU_138,8398,胜利,2021-10-20 00:16:04
1138,228,兽聚_猛兽奶茶_后勤组,3609,胜利,2021-10-20 00:16:08
1139,516,我特别周一带二,4378,胜利,2021-10-24 22:17:24
1140,516,7SMV_呆瓜,4302,胜利,2021-10-24 22:17:29
1141,131,7SMV_呆瓜,5609,胜利,2021-10-24 22:17:31
1142,466,7SMV_呆瓜,5467,胜利,2021-10-24 22:17:37
1143,208,7SMV_呆瓜,5582,失败,2021-10-24 22:17:40
1144,317,YUU_138,8398,胜利,2021-10-24 22:17:59
1145,126,L.L.,5793,胜利,2021-10-24 22:18:03
1146,521,Tking_白起_斩尽一切敌,7229,胜利,2021-10-24 22:18:11
1147,521,Chinese战战_想打职业,8565,胜利,2021-10-24 22:18:20
1148,356,Chinese战战_想打职业,7414,失败,2021-10-24 22:18:24
1149,521,Chinese战战_想打职业,6946,胜利,2021-10-24 22:18:26
1150,521,Chinese战战_想打职业,6581,失败,2021-10-24 22:18:28
1151,521,Chinese战战_想打职业,7034,胜利,2021-10-24 22:18:30
1152,134,4SA_威严满满_天狼星,7036,失败,2021-10-24 22:18:55
1153,272,银帝,7195,胜利,2021-10-24 22:19:01
1154,272,银帝,6713,失败,2021-10-24 22:19:03
1155,521,Chinese战战_想打职业,6749,胜利,2021-10-24 22:19:41
1156,306,IBS_肥宅kari,6504,胜利,2021-10-24 22:19:47
1157,255,IBS_肥宅kari,6311,胜利,2021-10-24 22:19:49
1158,308,IBS_肥宅kari,4080,胜利,2021-10-24 22:19:52
1159,130,IBS_肥宅kari,6215,胜利,2021-10-24 22:19:55
1160,126,毁歌+,6667,胜利,2021-10-24 22:20:00
1161,26,SSDasReich,7220,胜利,2021-10-24 22:20:05
1162,521,AF_Slayer_CN,7220,胜利,2021-10-24 22:20:08
1163,332,IBS_肥宅kari,5725,胜利,2021-10-24 22:21:20
1164,423,PLD_白给天神_断网墨麟,6104,胜利,2021-10-24 22:22:20
1165,160,甜甜想吃糖,3508,胜利,2021-10-24 22:22:38
1166,342,ZhangZL,4175,胜利,2021-10-24 22:24:27
1167,272,7SMV_呆瓜,6285,胜利,2021-11-01 22:31:25
1168,521,7SMV_呆瓜,6177,胜利,2021-11-01 22:31:29
1169,214,7SMV_呆瓜,4277,胜利,2021-11-01 22:31:32
1170,432,7SMV_呆瓜,5120,胜利,2021-11-01 22:31:36
1171,120,7SMV_呆瓜,3323,胜利,2021-11-01 22:31:44
1172,261,7SMV_呆瓜,4924,胜利,2021-11-01 22:31:48
1173,228,7SMV_呆瓜,3144,失败,2021-11-01 22:31:56
1174,319,7SMV_呆瓜,4354,胜利,2021-11-01 22:32:02
1175,137,7SMV_呆瓜,5654,胜利,2021-11-01 22:32:11
1176,466,7SMV_呆瓜,5467,胜利,2021-11-01 22:32:15
1177,198,7SMV_呆瓜,4923,胜利,2021-11-01 22:32:18
1178,406,7SMV_呆瓜,3255,胜利,2021-11-01 22:32:23
1179,455,7SMV_呆瓜,4317,胜利,2021-11-01 22:32:26
1180,135,7SMV_呆瓜,4329,胜利,2021-11-01 22:32:32
1181,251,7SMV_呆瓜,6318,胜利,2021-11-01 22:32:36
1182,334,qqqqq_23,6161,胜利,2021-11-01 22:32:49
1183,159,喀秋莎开着喀秋莎唱喀秋莎,4288,胜利,2021-11-01 22:33:06
1184,183,喀秋莎开着喀秋莎唱喀秋莎,4288,胜利,2021-11-01 22:33:19
1185,122,IBS_肥宅kari,6125,胜利,2021-11-01 22:33:34
1186,27,_Dr4g0n_龙,8452,胜利,2021-11-01 22:33:49
1187,153,-白_给_人,4459,胜利,2021-11-01 22:34:24
1188,152,军武-心醉菩提-罗沙中校,3467,胜利,2021-11-01 22:34:38
1189,331,军武-心醉菩提-罗沙中校,4504,胜利,2021-11-01 22:34:52
1190,516,YUU_138,5332,平局,2021-11-01 22:35:06
1191,356,Nismo_114Z_24,8538,胜利,2021-11-01 22:35:43
1192,154,Grilled_wings_,5265,胜利,2021-11-01 22:35:52
1193,516,～天谴之人～,5324,胜利,2021-11-01 22:36:02
1194,526,和Hz,7370,胜利,2021-11-01 22:36:11
1195,358,走成神之路的菜鸡,4959,胜利,2021-11-01 22:36:17
1196,344,言语如苏打般涌现,7848,胜利,2021-11-01 22:36:30
1197,258,spsntf,5490,平局,2021-11-01 22:36:43
1198,153,-白_给_人-,5941,胜利,2021-11-01 22:37:18
1199,133,SXE_彼夜、时雨未央,6439,胜利,2021-11-01 22:37:28
1200,510,IFA_堕天使_智子,5324,胜利,2021-11-01 22:37:41
1201,322,ZEON.菜鸡一个,7810,胜利,2021-11-01 22:37:48
1202,319,一生所爱·nxn,5922,胜利,2021-11-01 22:37:57
1203,406,骗吃骗喝戈本酱,3527,胜利,2021-11-01 22:38:07
1204,131,云中琼柯,6192,失败,2021-11-01 22:38:36
1205,129,SXE_彼夜、时雨未央,7041,胜利,2021-11-01 22:38:48
1206,117,海因里希·汉斯·冯·邓尼茨,2768,胜利,2021-11-01 22:38:58
1207,484,二两伏特加,3443,胜利,2021-11-01 22:39:02
1208,423,Albert_9,8742,胜利,2021-11-01 22:39:08
1209,516,666zeb,3893,胜利,2021-11-01 22:39:23
1210,269,666zeb,4312,平局,2021-11-01 22:39:35
1211,406,lova_Zeply,3168,胜利,2021-11-01 22:39:57
1212,27,ARF_白给天神_柠栀,7061,胜利,2021-11-01 22:40:58
1213,35,7SMV_呆瓜,8788,胜利,2021-11-12 08:32:32
1214,522,夜无樱,6624,胜利,2021-11-12 08:32:45
1215,141,NOYA_CN,5502,胜利,2021-11-12 08:32:54
1216,307,我觉得布星_winner,4419,失败,2021-11-12 08:34:18
1217,27,我觉得布星_winner,6112,胜利,2021-11-12 08:34:31
1218,314,我觉得布星_winner,6802,胜利,2021-11-12 08:34:40
1219,193,喀秋莎开着喀秋莎唱喀秋莎,4583,胜利,2021-11-12 08:44:52
1220,130,KMM-凌雨晴风-吹雪,7211,失败,2021-11-12 08:45:15
1221,30,KMM-凌雨晴风-吹雪,6188,胜利,2021-11-12 08:46:21
1222,363,还是初恋最好,5004,胜利,2021-11-12 08:46:32
1223,528,还是初恋最好,5295,胜利,2021-11-12 08:46:38
1224,130,KMM-振金直男-SCPC,6253,胜利,2021-11-12 08:47:01
1225,315,春に落ちて ,4813,胜利,2021-11-12 08:47:19
1226,350,666zeb,5310,胜利,2021-11-12 08:47:30
1227,277,Khanjali,4919,胜利,2021-11-12 08:47:55
1228,130,豹豹能有什么坏心思呢,8068,胜利,2021-11-12 08:48:19
1229,261,重金属风暴,6335,胜利,2021-11-12 08:52:56
1230,528,重金属风暴,6121,胜利,2021-11-12 08:53:50
1231,519,为所欲为丶异灵术,3919,胜利,2021-11-12 08:55:08
1232,165,伤能冷的痛,7033,胜利,2021-11-12 08:55:33
1233,344,硬绑战士,7966,胜利,2021-11-12 08:55:50
1234,526,EXORC1ST,7608,胜利,2021-11-12 08:56:15
1235,134,EXORC1ST,7946,胜利,2021-11-12 08:56:28
1236,516,我特别周一带二,6155,胜利,2021-11-12 08:56:49
1237,236,SDT_Rip,5278,胜利,2021-11-12 08:57:32
1238,216,Chinese战战_想打职业,5884,胜利,2021-11-28 08:14:02
1239,258,笙梅-dear,3352,胜利,2021-11-28 08:14:11
1240,164,大泽鸡,4465,胜利,2021-11-28 08:14:17
1241,319,一生所爱·nxn,4856,胜利,2021-11-28 08:14:26
1242,319,一生所爱·nxn,5288,胜利,2021-11-28 08:14:38
1243,365,我特别周一带二,6059,胜利,2021-11-28 08:14:47
1244,134,AR_神游八方_四海狂龙,6847,胜利,2021-11-28 08:15:21
1245,130,lhj555555,7698,胜利,2021-11-28 08:15:33
1246,370,jss_146,6976,平局,2021-11-28 08:15:40
1247,521,NOKA_CN,9196,平局,2021-11-28 08:15:58
1248,130,lhj555555,7698,胜利,2021-11-28 08:16:06
1249,370,jss_146,6976,平局,2021-11-28 08:17:35
1250,130,SkyRain天雨酱,8054,胜利,2021-11-28 08:17:57
1251,118,SkyRain天雨酱,5271,胜利,2021-11-28 08:20:05
1252,448,SkyRain天雨酱,3081,胜利,2021-11-28 08:20:22
1253,376,SkyRain天雨酱,5670,胜利,2021-11-28 08:20:53
1254,198,Tking_白起_斩尽一切敌,4648,胜利,2021-12-01 10:30:08
1255,332,Tking_白起_斩尽一切敌,6916,胜利,2021-12-01 10:30:54
1256,251,Tking_白起_斩尽一切敌,6295,失败,2021-12-01 10:31:12
1257,277,我觉得布星_废物一个,5748,胜利,2021-12-01 10:31:25
1258,227,1qesqf,4144,胜利,2021-12-01 10:31:58
1259,156,AR_神游八方_四海狂龙,6749,胜利,2021-12-01 10:32:13
1260,332,Tking_白起_斩尽一切敌,6995,胜利,2021-12-01 10:33:38
1261,468,猎豹shiwo,6913,胜利,2021-12-01 10:34:18
1262,251,刁难我啊QAQ,4984,胜利,2021-12-01 10:34:47
1263,32,托卡列夫政委,8543,胜利,2021-12-01 10:36:02
1264,132,森鸥外,5952,胜利,2021-12-01 10:37:01
1265,139,托卡列夫政委,6551,胜利,2021-12-01 10:41:18
1266,365,森鸥外,5162,胜利,2021-12-01 10:43:45
1267,130,开虎131の西住真穗,6645,胜利,2021-12-01 10:44:05
1268,130,开虎131の西住真穗,6711,失败,2021-12-01 10:44:20
1269,319,一生所爱·nxn,5288,胜利,2021-12-01 10:44:37
1270,137,喀秋莎开着喀秋莎唱喀秋莎,6055,失败,2021-12-01 10:46:07
1271,126,道德君,5583,胜利,2021-12-01 10:47:05
1272,468,SoC-魔法少女tritri,7055,胜利,2021-12-01 10:47:24
1273,126,兽聚_猛兽奶茶_后勤组,6300,失败,2021-12-08 14:57:51
1274,468,SoC-魔法少女tritri,8538,胜利,2021-12-08 14:58:05
1275,127,42年的拉菲,8235,胜利,2021-12-08 14:59:32
1277,33,Tking_白起_斩尽一切敌,7806,胜利,2021-12-22 22:51:01
1278,181,roll.14,2748,胜利,2021-12-22 22:51:54
1279,529,TYLOO-s1mple,5250,胜利,2021-12-22 22:52:13
1280,326,TYLOO-s1mple,6364,胜利,2021-12-22 23:32:43
1281,520,IFA_堕天使_智子,6437,胜利,2021-12-22 23:32:56
1282,36,取名超浪费脑细胞,6118,胜利,2021-12-22 23:33:05
1283,130,妹妹泡我,7588,胜利,2021-12-22 23:33:53
1284,255,Kazam1_Yuuka,8173,失败,2021-12-22 23:34:30
1285,128,列拉金,8002,胜利,2021-12-22 23:35:10
1286,328,Kazam1_Yuuka,5116,胜利,2021-12-22 23:35:15
1287,264,Kazam1_Yuuka,4238,失败,2021-12-22 23:35:20
1288,128,45490205,7171,胜利,2021-12-22 23:35:30
1289,177,Kazam1_Yuuka,4506,胜利,2021-12-22 23:35:36
1290,344,白金炮王李云龙，,3801,胜利,2021-12-22 23:36:11
1291,36,Reol_平面镜,8261,失败,2021-12-22 23:40:18
1292,165,UT-Asriel-CN,7239,胜利,2021-12-22 23:40:28
1293,130,MizoreRin,8526,胜利,2021-12-22 23:40:42
1294,130,虎牙儒雅随和ACE,8939,胜利,2021-12-22 23:41:28
1295,366,儒雅随和ACE,9129,胜利,2021-12-22 23:42:00
1296,122,儒雅随和ACE,8983,平局,2021-12-22 23:42:12
1297,529,儒雅随和ACE,8750,胜利,2021-12-22 23:42:32
1298,33,儒雅随和ACE,8624,胜利,2021-12-22 23:42:58
1299,130,儒雅随和ACE,8697,胜利,2021-12-22 23:43:14
1300,350,FlscHegeSaLzEN,6775,胜利,2021-12-22 23:43:28
1301,337,DracoNoob,4321,胜利,2021-12-22 23:43:37
1302,168,FlscHegeSaLzEN,5227,胜利,2021-12-22 23:43:48
1303,163,FlscHegeSaLzEN,4689,胜利,2021-12-22 23:44:15
1304,160,FlscHegeSaLzEN,5410,胜利,2021-12-22 23:44:21
1305,28,FlscHegeSaLzEN,7526,失败,2021-12-22 23:44:36
1306,322,nhhj_1,7091,失败,2021-12-22 23:44:40
1307,334,EdelWeiss言う,7810,胜利,2021-12-22 23:44:53
1308,136,Kinuhata_Saiai,6108,失败,2021-12-22 23:45:05
1309,414,wales_13,3899,胜利,2021-12-22 23:45:26
1310,122,UT-Asriel-CN,8659,胜利,2021-12-22 23:46:05
1311,319,一生所爱·nxn,4727,胜利,2021-12-22 23:46:14
1312,319,一生所爱·nxn,4811,胜利,2021-12-22 23:46:21
1313,185,阿阿阿猫,5346,胜利,2021-12-22 23:48:03
1314,67,AFK_点灯豹毙_清柠,2257,胜利,2021-12-22 23:48:25
1315,364,灰灰,6287,胜利,2021-12-22 23:48:34
1316,245,鸽子与鸽子妹妹の奇妙婚礼（,4275,胜利,2021-12-22 23:48:45
1317,522,キツネ_月之痕殇_雪月狐,7649,胜利,2021-12-22 23:48:54
1318,529,为所欲为丶异灵术,3448,胜利,2021-12-22 23:49:04
1319,146,豹豹能有什么坏心思呢,6247,胜利,2021-12-22 23:49:12
1320,290,_LSY_,4802,胜利,2021-12-22 23:49:21
1321,331,_LSY_,5191,胜利,2021-12-22 23:49:43
1322,316,Ender007-1,7163,胜利,2021-12-22 23:49:48
1323,112,豹豹能有什么坏心思呢,4097,胜利,2021-12-22 23:49:54
1324,331,李.洛克,5984,失败,2021-12-22 23:49:58
1325,521,時代を超える想い,6599,胜利,2021-12-22 23:50:02
1326,518,Cherry_无悔,6546,失败,2021-12-22 23:50:47
1327,134,9.11_2018,6958,胜利,2021-12-22 23:50:50
1328,346,终末番,8511,胜利,2021-12-22 23:51:31
1329,134,Guderian~~~,6958,胜利,2021-12-22 23:51:34
1330,528,Guderian~~~,6750,胜利,2021-12-22 23:51:45
1331,419,星屑幻想,5046,胜利,2021-12-22 23:53:36
1332,224,星屑幻想,3898,胜利,2021-12-22 23:53:41
1333,366,laozheng,6233,胜利,2021-12-22 23:54:17
1334,459,大泽鸡,3613,胜利,2021-12-22 23:54:21
1335,192,roll.14,3646,胜利,2021-12-22 23:54:26
1336,131,二两伏特加,5184,胜利,2021-12-22 23:54:56
1337,113,Jeanne_d-Arc,5385,,2021-12-22 23:56:39
1338,432,Jeanne_d-Arc,5721,,2021-12-22 23:56:57
1339,152,豹豹能有什么坏心思呢,4671,失败,2021-12-22 23:57:00
1340,524,豹豹能有什么坏心思呢,6703,胜利,2021-12-22 23:57:33
1341,313,Special_Week,6802,平局,2021-12-22 23:57:39
1342,383,1naba_Meguru,6799,胜利,2021-12-22 23:58:03
1343,127,1naba_Meguru,7908,胜利,2021-12-22 23:58:30
1344,33,Code_33,7247,胜利,2021-12-22 23:59:22
1345,199,xiao_nuo,5662,胜利,2021-12-22 23:59:31
1346,521,xiao_nuo,6153,胜利,2021-12-22 23:59:55
1347,130,开虎131の西住真穗,7741,胜利,2021-12-23 00:00:01
1348,134,222的好奇,6417,平局,2021-12-23 00:00:38
1349,171,222的好奇,4015,失败,2021-12-23 00:00:45
1350,67,222的好奇,1880,胜利,2021-12-23 00:01:08
1351,153,222的好奇,5170,胜利,2021-12-23 00:01:12
1352,228,222的好奇,3252,平局,2021-12-23 00:01:15
1353,356,7SMV_呆瓜,5757,胜利,2021-12-23 00:01:29
1354,129,7SMV_呆瓜,7159,失败,2021-12-23 00:01:33
1355,313,wales_13,5045,胜利,2021-12-23 00:01:39
1356,245,自我主义丶依神しおん,5309,胜利,2021-12-23 00:01:50
1357,221,自我主义丶依神しおん,6837,失败,2021-12-23 00:01:55
1358,130,开虎131の西住真穗,6943,胜利,2021-12-23 00:02:19
1359,403,银帝,7625,失败,2021-12-23 00:02:24
1360,403,银帝,7375,胜利,2021-12-23 00:02:27
1361,403,银帝,7034,胜利,2021-12-23 00:04:50
1362,403,银帝,7721,胜利,2021-12-23 00:05:06
1363,205,守奇瓦瓦州,4630,胜利,2021-12-23 00:05:57
1364,212,无害又可爱の雪风酱哒,4384,胜利,2021-12-23 00:06:04
1365,33,无害又可爱の雪风酱哒,6665,胜利,2021-12-23 00:06:08
1366,199,无害又可爱の雪风酱哒,4232,胜利,2021-12-23 00:06:14
1367,326,无害又可爱の雪风酱哒,5137,胜利,2021-12-23 00:06:17
1368,326,无害又可爱の雪风酱哒,5137,胜利,2021-12-23 00:06:21
1369,32,往生堂主の胡桃哒,7243,胜利,2021-12-25 18:29:28
1370,521,Woduxhxb,8218,胜利,2021-12-25 18:29:54
1371,306,开虎131の西住真穗,7648,平局,2021-12-25 18:30:07
1372,491,愿终与随,3585,胜利,2021-12-25 20:06:49
1373,132,愿终与随,5290,胜利,2021-12-25 23:55:42
1374,117,愿终与随,3775,胜利,2021-12-25 23:56:00
1375,321,愿终与随,2899,胜利,2021-12-25 23:56:19
1376,203,愿终与随,3813,胜利,2021-12-25 23:56:41
1377,185,愿终与随,4465,胜利,2021-12-25 23:58:23
1378,319,愿终与随,5220,胜利,2021-12-25 23:58:36
1379,153,天上的塑料袋,4533,胜利,2021-12-28 22:35:59
1380,135,天上的塑料袋,4742,胜利,2021-12-28 22:36:17
1381,228,天上的塑料袋,4155,胜利,2021-12-28 22:36:26
1382,144,bombtree,7521,胜利,2021-12-28 22:36:36
1383,127,神武式,5696,胜利,2021-12-28 22:36:43
1384,312,神武式,6616,胜利,2021-12-28 22:37:23
1385,307,Night_Rose,4178,胜利,2021-12-28 22:37:29
1386,419,伤能冷的痛,5953,胜利,2021-12-28 22:37:55
1387,30,Li_forever,7841,胜利,2021-12-28 22:38:07
1388,28,Li_forever,6706,胜利,2021-12-28 22:38:14
1389,27,Li_forever,6362,胜利,2021-12-28 22:38:46
1390,332,Li_forever,7104,胜利,2021-12-28 22:38:55
1391,332,Li_forever,7093,胜利,2021-12-28 22:39:05
1392,528,Li_forever,7322,胜利,2021-12-28 22:39:11
1393,128,只收中苏德一一2020,7575,胜利,2021-12-28 22:39:24
1394,146,Klaus_Erika_L,7234,胜利,2021-12-28 22:39:32
1395,160,Keith T,7650,胜利,2021-12-28 22:39:46
1396,322,nhhj_1,7091,失败,2021-12-28 22:42:47
1397,27,7SMV_呆瓜,7092,胜利,2022-01-17 20:07:36
1398,272,SoC-流光,6036,胜利,2022-01-17 20:07:55
1399,32,往生堂主の胡桃哒,9379,失败,2022-01-17 20:08:09
1400,34,天上的塑料袋,5994,胜利,2022-01-17 20:08:35
1401,432,天上的塑料袋,4468,平局,2022-01-17 20:09:03
1402,523,天上的塑料袋,4709,胜利,2022-01-17 20:11:39
1403,331,无烬银河,6228,失败,2022-01-17 20:13:49
1404,181,嗯哼哼啊啊啊啊啊啊啊啊啊啊啊,3179,胜利,2022-01-18 03:53:27
1405,332,嗯哼哼啊啊啊啊啊啊啊啊啊啊啊,6470,胜利,2022-01-18 03:53:49
1406,528,嗯哼哼啊啊啊啊啊啊啊啊啊啊啊,5534,胜利,2022-01-18 03:54:10
1407,118,嗯哼哼啊啊啊啊啊啊啊啊啊啊啊,3833,胜利,2022-01-18 03:54:24
1408,285,嗯哼哼啊啊啊啊啊啊啊啊啊啊啊,3503,胜利,2022-01-18 03:54:43
1409,224,嗯哼哼啊啊啊啊啊啊啊啊啊啊啊,4054,胜利,2022-01-18 03:55:01
1410,62,LordChen,941,胜利,2022-01-18 03:55:48
1411,297,LordChen,1139,胜利,2022-01-18 03:56:00
1412,378,SSinUK,4231,胜利,2022-01-18 03:56:10
1413,200,SSinUK,3103,胜利,2022-01-18 03:56:20
1414,126,LordChen,4284,胜利,2022-01-18 03:57:58
1415,511,LordChen,4451,胜利,2022-01-18 03:58:07
1416,33,LordChen,5980,失败,2022-01-18 03:58:16
1417,200,SSinUK,3456,胜利,2022-01-18 03:59:06
1418,118,脑瘫给爷爬,5447,胜利,2022-01-18 04:00:50
1419,120,脑瘫给爷爬,5415,胜利,2022-01-18 04:01:03
1420,185,脑瘫给爷爬,5839,失败,2022-01-18 04:01:13
1421,33,列克星敦  天问,6104,胜利,2022-01-18 04:01:27
1422,33,列克星敦  天问,6964,胜利,2022-01-18 04:01:40
1423,146,Klaus_Erika_L,5454,失败,2022-01-18 04:01:59
1424,63,Klaus_Erika_L,1755,失败,2022-01-18 04:02:12
1425,134,Klaus_Erika_L,6925,胜利,2022-01-18 04:02:29
1426,129,Klaus_Erika_L,6068,胜利,2022-01-18 04:02:39
1427,103,Klaus_Erika_L,3737,胜利,2022-01-18 04:02:50
1428,190,Klaus_Erika_L,4246,胜利,2022-01-18 04:03:02
1429,248,你有信心帮我穿好裙甲吗,5079,失败,2022-01-18 04:03:10
1430,160,Night_Rose,4655,胜利,2022-01-18 04:03:20
1431,146,粉碎者“猎妈人”,8032,胜利,2022-01-18 04:03:35
1432,335,南站台球,7405,胜利,2022-01-18 04:05:58
1433,126,爱丽丝･辛赛西斯･萨蒂,6940,胜利,2022-01-18 04:06:20
1434,437,～天谴之人～,4695,失败,2022-01-18 04:06:38
1435,507,mww_8,6202,胜利,2022-01-18 04:06:54
1436,507,mww_8,5663,胜利,2022-01-18 04:07:10
1437,160,Night_Rose,5251,胜利,2022-01-18 04:07:46
1438,160,Night_Rose,5568,胜利,2022-01-18 11:53:18
1439,160,Night_Rose,5629,胜利,2022-01-18 11:53:25
1440,127,SoC-亚煦,6093,胜利,2022-01-18 11:53:48
1441,251,SoC-亚煦,6295,失败,2022-01-18 11:55:00
1442,366,SoC-亚煦,4330,胜利,2022-01-18 11:55:15
1443,129,SoC-亚煦,6600,胜利,2022-01-18 11:55:31
1444,171,ROME_屋大维_奥古斯都,4379,胜利,2022-01-18 11:55:45
1445,344,AR愿与终随,6096,胜利,2022-01-18 11:56:33
1446,126,麒麟王,8149,失败,2022-01-18 11:56:50
1447,525,麒麟王,5585,胜利,2022-01-18 11:57:08
1448,261,麒麟王,5181,胜利,2022-01-18 11:57:31
1449,516,一般路过米饭哟,4657,胜利,2022-01-18 11:57:51
1450,520,Angell~伊卡洛斯,6747,胜利,2022-01-18 11:58:50
1451,33,jsjsjzisjsj5,7504,胜利,2022-01-18 11:59:23
1452,506,双汇火腿肠,6114,胜利,2022-01-18 11:59:36
1453,328,双汇火腿肠,5435,胜利,2022-01-18 12:00:09
1454,349,银帝,7626,失败,2022-01-18 12:00:18
1455,516,取名超浪费脑细胞,5254,胜利,2022-01-18 12:00:27
1456,215,RSOTC,2825,胜利,2022-01-18 12:01:04
1457,255,Scarecrow★,8491,胜利,2022-01-18 12:01:52
1458,344,AR愿与终随,6096,胜利,2022-01-18 12:02:12
1459,264,IBS_肥宅kari,2376,胜利,2022-01-18 12:02:37
1460,529,ncb,6110,胜利,2022-01-18 12:02:48
1461,415,脑瘫给爷爬,2694,胜利,2022-01-18 12:07:16
1462,36,Aliez_five_CN,7917,胜利,2022-01-18 12:09:13
1463,329,Aliez_five_CN,5631,胜利,2022-01-18 12:09:35
1464,437,Aliez_five_CN,4367,胜利,2022-01-18 12:09:49
1465,327,Re1kA,7243,胜利,2022-01-18 12:10:03
1466,128,Re1kA,6586,胜利,2022-01-18 12:10:15
1467,212,Re1kA,4378,胜利,2022-01-18 12:10:37
1468,255,儒雅随和ACE,8524,胜利,2022-01-18 12:11:20
1469,366,儒雅随和ACE,7968,胜利,2022-01-18 12:11:35
1470,366,儒雅随和ACE,7457,胜利,2022-01-18 12:12:33
1471,206,虎牙儒雅随和ACE,7283,胜利,2022-01-18 12:12:57
1472,356,儒雅随和ACE,7036,胜利,2022-01-18 12:13:57
1473,126,虎牙儒雅随和ACE,7108,胜利,2022-01-18 12:14:20
1474,122,儒雅随和ACE,8658,胜利,2022-01-18 12:14:47
1475,344,红一军_黑枪豹豹_狼妹刹那,8392,胜利,2022-01-18 12:15:01
1476,134,进击的铝离子,7477,胜利,2022-01-18 12:15:37
1477,193,进击的铝离子,4352,胜利,2022-01-18 12:15:43
1478,307,赤蛮奇,7199,胜利,2022-01-18 12:16:37
1479,319,(●—●)→＿→(●—●),5146,胜利,2022-01-18 12:17:49
1480,333,AF-川皇、斯基,4951,失败,2022-01-18 12:18:04
1481,438,赤蛮奇,4683,胜利,2022-01-18 12:18:34
1482,438,赤蛮奇,3187,胜利,2022-01-18 12:18:49
1483,492,赤蛮奇,4331,胜利,2022-01-18 12:19:00
1484,191,赫卡提亚·拉碧斯拉祖利,4061,胜利,2022-01-18 12:19:26
1485,191,赫卡提亚·拉碧斯拉祖利,3103,胜利,2022-01-18 12:19:43
1486,250,赫卡提亚·拉碧斯拉祖利,5557,胜利,2022-01-18 12:20:04
1487,262,赫卡提亚·拉碧斯拉祖利,4649,胜利,2022-01-18 12:20:31
1488,508,赫卡提亚·拉碧斯拉祖利,4894,胜利,2022-01-18 12:20:44
1489,161,SS无糖酱-烈焰,4071,胜利,2022-01-18 12:22:12
1490,27,曲·雀翎,3971,胜利,2022-01-18 12:22:23
1491,278,黑不隆咚白,3198,胜利,2022-01-18 12:22:37
1492,265,曲·雀翎,3314,胜利,2022-01-18 12:22:49
1493,185,二两伏特加,4695,胜利,2022-01-18 12:23:28
1494,200,二两伏特加,2575,胜利,2022-01-18 12:23:37
1495,462,jsjsjzisjsj5,4504,胜利,2022-01-18 12:23:50
1496,130,what_500,7799,失败,2022-01-18 12:24:02
1497,516,会吸血的Elias,4079,胜利,2022-01-18 12:25:19
1498,311,克利夫兰不啃萝卜,4361,胜利,2022-01-18 12:25:45
1499,344,AR愿与终随,5973,失败,2022-01-18 12:26:54
1500,527,AR愿与终随,5681,胜利,2022-01-18 12:27:25
1501,164,LSP_系雪风大人_祥瑞御免,3099,胜利,2022-01-18 12:27:39
1502,322,nhhj_1,7320,胜利,2022-01-18 12:27:59
1503,121,RSOTC,3500,胜利,2022-01-18 12:28:16
1504,171,RSOTC,3511,胜利,2022-01-18 12:28:42
1505,422,jss_146,4634,胜利,2022-01-18 12:28:58
1506,516,CJTF_Texas_CN,5192,胜利,2022-01-18 12:29:09
1507,159,莫执于心,5288,胜利,2022-01-18 12:29:25
1508,508,4SA_威严满满_天狼星,5490,胜利,2022-01-18 12:33:37
1509,272,赤团开时蝶飞去-胡桃,8176,胜利,2022-01-18 12:35:09
1510,519,LLAS＿希魔,4568,失败,2022-01-18 12:35:37
1511,530,Kinuhata_Saiai,7336,胜利,2022-01-18 12:36:16
1512,362,sutong,3360,胜利,2022-01-18 12:36:37
1513,139,升阳屑虎王,4784,胜利,2022-01-27 00:06:53
1514,126,MXY爸爸,6061,胜利,2022-01-27 10:48:52
1515,134,克利夫兰不啃萝卜,4992,胜利,2022-01-27 13:51:02
1516,308,大泽鸡,4909,胜利,2022-01-27 13:51:44
1517,212,kv-250-3,6056,胜利,2022-01-27 13:52:05
1518,212,爱丽丝･辛赛西斯･萨蒂,5271,胜利,2022-01-27 14:02:10
1519,314,mu_xu,7124,失败,2022-01-27 14:11:24
1520,164,6164_18,5254,胜利,2022-01-27 14:13:07
1521,535,6164_18,4735,胜利,2022-01-27 14:15:09
1522,535,6164_18,4347,胜利,2022-01-27 14:15:22
1523,126,6164_18,5043,胜利,2022-01-27 14:15:34
1524,516,RSOTC,4136,胜利,2022-01-27 14:16:05
1525,160,Night_Rose,4935,胜利,2022-01-27 14:16:32
1526,126,No_Skill__ACE,7409,胜利,2022-01-27 14:18:26
1527,543,Night_Rose,4595,胜利,2022-01-27 14:19:26
1528,530,凌莲初启,7822,胜利,2022-01-27 14:19:44
1529,367,列克星敦  天问,6701,胜利,2022-01-27 14:20:11
1530,530,Night_Rose,6852,胜利,2022-01-27 14:20:25
1531,531,Night_Rose,5826,胜利,2022-01-27 14:20:35
1532,532,Night_Rose,5582,胜利,2022-01-27 14:20:42
1533,526,GSU-战术篮子-ATRI,6747,胜利,2022-01-27 14:27:32
1534,332,EdelWeiss言う,7900,平局,2022-01-27 21:14:51
1535,414,猫猫0fficial,5396,胜利,2022-01-27 21:50:16
1536,530,凌莲初启,7225,胜利,2022-01-27 21:51:19
1537,468,无茗c_Ao,5308,失败,2022-01-27 21:51:59
1538,248,无茗c_Ao,5100,胜利,2022-01-27 21:52:13
1539,164,502重重装甲师,3405,胜利,2022-01-28 13:00:09
1540,314,猎豹shiwo,5975,胜利,2022-01-28 15:17:34
1541,530,Mori-Katsumoto,5813,胜利,2022-01-28 15:18:16
1542,206,Mori-Katsumoto,6313,胜利,2022-01-28 15:18:32
1543,139,9.11_2018,5927,胜利,2022-01-28 15:19:15
1544,205,。。。,5198,胜利,2022-01-28 15:19:40
1545,213,翔飙飙氖茶,2871,胜利,2022-01-29 21:30:19
1546,122,猎豹shiwo,6892,胜利,2022-01-29 21:30:31
1547,181,SoC-魔法少女tritri,5941,胜利,2022-01-29 21:30:46
1548,530,IFA_堕天使_智子,7452,胜利,2022-01-29 21:31:00
1549,155,吃枣药丸——,5656,胜利,2022-01-29 21:31:15
1550,536,No_Skill__ACE,7529,失败,2022-01-30 12:25:16
1551,506,儒雅随和ACE,6057,胜利,2022-01-30 12:30:06
1552,362,(改名了)我就是歌姬吧♡,6160,胜利,2022-01-30 12:30:41
1553,147,儒雅随和ACE,7150,胜利,2022-01-30 13:54:18
1554,331,儒雅随和ACE,6556,胜利,2022-01-30 13:54:23
1555,36,Mori-Katsumoto,6215,胜利,2022-01-30 13:54:47
1556,30,RN_Warspite,6226,平局,2022-01-31 11:53:54
1557,536,No_Skill__ACE,8563,失败,2022-01-31 11:54:51
1558,165,儒雅随和ACE,7486,胜利,2022-01-31 11:55:25
1559,197,儒雅随和ACE,5536,胜利,2022-01-31 11:55:59
1560,535,LLK_CMX_すさん,6019,胜利,2022-01-31 11:56:19
1561,332,儒雅随和ACE,7775,失败,2022-01-31 11:56:43
1562,258,FlscHegeSaLzEN,4077,胜利,2022-01-31 11:57:53
1563,432,FlscHegeSaLzEN,4949,胜利,2022-01-31 11:58:05
1564,536,No_Skill__ACE,8021,胜利,2022-02-01 12:35:28
1565,506,儒雅随和ACE,7457,胜利,2022-02-01 12:35:55
1566,332,儒雅随和ACE,7775,失败,2022-02-01 12:36:23
1567,272,忤逆-AN94酱,5594,胜利,2022-02-01 12:42:33
1568,506,儒雅随和ACE,6057,胜利,2022-02-01 12:43:44
1569,160,FlscHegeSaLzEN,5410,胜利,2022-02-01 12:44:15
1570,30,_H0pE1ight_,5318,胜利,2022-02-01 18:17:17
1571,507,AR愿与终随,4860,胜利,2022-02-01 18:17:46
1572,507,AR愿与终随,4863,胜利,2022-02-01 18:18:05
1573,507,AR愿与终随,5435,胜利,2022-02-01 18:18:14
1574,530,AR愿与终随,7212,胜利,2022-02-01 18:18:25
1575,507,AR愿与终随,4765,胜利,2022-02-01 18:18:58
1576,507,AR愿与终随,5044,胜利,2022-02-01 18:19:07
1577,535,_H0pE1ight_,4175,胜利,2022-02-02 21:08:08
1578,392,ARF_白给天神_柠栀,7307,胜利,2022-02-02 21:08:19
1579,536,No_Skill__ACE,8563,失败,2022-02-02 21:09:19
1580,197,儒雅随和ACE,5536,胜利,2022-02-02 21:09:53
1581,506,儒雅随和ACE,7457,胜利,2022-02-02 21:10:36
1582,350,FlscHegeSaLzEN,6775,胜利,2022-02-02 21:12:10
1583,538,AR愿与终随,4338,失败,2022-02-02 21:13:14
1584,129,ARF_白给天神_柠栀,8170,胜利,2022-02-03 01:13:57
1585,192,碎马者＿steel,3759,胜利,2022-02-03 01:14:15
1586,536,No_Skill__ACE,8021,胜利,2022-02-03 01:15:12
1587,165,儒雅随和ACE,7486,胜利,2022-02-03 01:16:01
1588,293,FlscHegeSaLzEN,7240,胜利,2022-02-03 01:16:56
1589,136,FlscHegeSaLzEN,6650,平局,2022-02-03 01:17:29
1590,337,FlscHegeSaLzEN,4321,胜利,2022-02-03 01:21:33
1591,527,_H0pE1ight_,6816,胜利,2022-02-03 23:08:15
1592,344,狱血魔神,7071,胜利,2022-02-03 23:08:35
1593,424,SAC_不讲武德_马保国,6591,失败,2022-02-05 12:45:34
1594,113,SAC_不讲武德_马保国,4912,胜利,2022-02-05 12:46:26
1595,140,Yukikaze-Sama,8032,失败,2022-02-05 12:46:59
1596,27,代号烈龙,6212,胜利,2022-02-05 13:00:56
1597,307,CJTF_Texas_CN,5062,胜利,2022-02-05 16:47:21
1598,307,CJTF_Texas_CN,4215,胜利,2022-02-05 16:47:42
1599,549,_H0pE1ight_,5800,胜利,2022-02-05 16:48:00
1600,356,代号烈龙,4999,胜利,2022-02-05 22:00:48
1601,388,Woduxhxb,6453,胜利,2022-02-05 22:02:35
1602,129,♥♥♥♂♥♥♥,7053,胜利,2022-02-06 00:43:52
1603,134,SAC_不讲武德_马保国,8152,胜利,2022-02-06 16:50:36
1604,521,_H0pE1ight_,6376,胜利,2022-02-06 16:50:53
1605,221,WSI先驱者,7107,胜利,2022-02-06 21:29:37
1606,535,矢神结,5735,失败,2022-02-12 18:46:50
1607,371,Kinuhata_Saiai,3394,胜利,2022-02-12 18:47:47
1608,358,代号烈龙,2265,胜利,2022-02-14 22:15:33
1609,122,皇家海军_无畏旗舰_伊丽莎白,7773,胜利,2022-02-14 22:16:13
1610,489,HK416-黑猫的赠礼,4203,胜利,2022-02-14 22:16:41
1611,346,儒雅随和ACE,8634,失败,2022-02-16 10:35:33
1612,346,儒雅随和ACE,7389,胜利,2022-02-16 10:38:35
1613,346,儒雅随和ACE,7092,胜利,2022-02-16 10:39:23
1614,313,HK416-黑猫的赠礼,5593,胜利,2022-02-16 10:40:42
1615,28,酸果柠檬芥川银,8657,胜利,2022-02-16 12:37:42
1616,153,地精姚明,6080,胜利,2022-02-16 12:38:22
1617,388,HK416-黑猫的赠礼,4943,胜利,2022-02-16 12:38:33
1618,128,柠柠不会控场.,6301,胜利,2022-02-16 12:38:43
1619,549,_H0pE1ight_,5905,胜利,2022-02-19 11:34:58
1620,272,SSDasReich,7063,胜利,2022-02-19 11:48:17
1621,392,kfrujnb,6624,胜利,2022-02-19 12:04:56
1622,306,kfrujnb,7245,失败,2022-02-19 12:05:02
1623,549,653_天暗雨落_战术白给,7192,胜利,2022-02-19 12:06:04
1624,56,FBL-SUP,1016,胜利,2022-02-19 12:06:11
1625,194,HK416-黑猫的赠礼,4928,胜利,2022-02-19 12:06:24
1626,371,Apple味の苹果酱,5128,胜利,2022-02-19 12:06:39
1627,34,GW_一叶障目_彼岸迢遥,6596,胜利,2022-02-19 15:30:59
1628,163,噬神之窟,5072,胜利,2022-02-20 15:59:33
1629,204,LilyUtility,3517,失败,2022-02-22 13:08:56
1630,361,Apple味の苹果酱,4921,胜利,2022-02-22 13:11:06
1631,263,二两伏特加,4432,失败,2022-02-22 13:13:12
1632,515,Arihara_Nanam1,4625,胜利,2022-02-22 13:15:09
1633,332,653_天暗雨落_战术白给,6444,胜利,2022-02-23 14:14:25
1634,549,653_松坂砂糖_百合赛高,7553,胜利,2022-02-23 14:23:14
1635,524,653_和泉纱雾_战术卖萌,6758,失败,2022-02-23 14:27:41
1636,549,653_和泉纱雾_战术卖萌,5591,胜利,2022-02-23 14:28:02
1637,549,653_和泉纱雾_战术卖萌,5206,胜利,2022-02-23 14:28:44
1638,526,团内最菜_贪吃鬼,6756,胜利,2022-02-23 14:29:11
1639,231,MiroslavShen,4614,胜利,2022-02-27 10:49:48
1640,430,团内最菜_贪吃鬼,5795,胜利,2022-02-27 10:50:04
1641,423,团内最菜_贪吃鬼,7201,失败,2022-02-27 10:50:46
1642,293,RNGNB_6,5237,胜利,2022-02-27 10:52:22
1643,335,野兽先辈_defender,5553,胜利,2022-02-27 10:53:17
1644,430,团内最菜_贪吃鬼,5795,胜利,2022-02-27 10:53:33
1645,525,wyllll,9364,失败,2022-02-27 10:54:38
1646,549,碧蓝破阵者,5542,胜利,2022-02-27 10:54:53
1647,395,_妍兮子_,9133,失败,2022-03-01 06:21:42
1648,430,团内最菜_贪吃鬼,5795,胜利,2022-03-01 06:22:01
1649,126,Raymond_核桃酱_IF,7311,胜利,2022-03-01 06:22:33
1650,548,普莱姆斯,5073,胜利,2022-03-01 06:22:44
1651,530,急袭猛禽－最终要塞之鹰,7105,胜利,2022-03-01 06:23:01
1652,255,神渊许小樱,6131,胜利,2022-03-01 06:23:41
1653,327,Rookie-Duck,7408,胜利,2022-03-01 06:23:53
1654,27,上帝的长弓10086,4114,胜利,2022-03-01 22:14:53
1655,126,Raymond_核桃酱_IF,8175,胜利,2022-03-01 22:15:54
1656,33,普莱姆斯,5866,胜利,2022-03-01 22:16:04
1657,126,普莱姆斯,6365,胜利,2022-03-01 22:16:15
1658,549,野兽先辈_defender,6367,胜利,2022-03-01 22:16:46
1659,126,Raymond_核桃酱_IF,8175,胜利,2022-03-01 22:16:56
1660,507,我一个鞭,5185,胜利,2022-03-01 22:17:06
1661,507,我一个鞭,5185,胜利,2022-03-01 22:17:16
1662,221,你个弱鸡,7430,胜利,2022-03-04 04:38:43
1663,194,653_楚天云雨_难忘日月新,5988,胜利,2022-03-04 04:38:58
1664,129,兽聚_猛兽奶茶_后勤组,6411,平局,2022-03-04 04:39:37
1665,126,急袭猛禽－最终要塞之鹰,9637,胜利,2022-03-04 04:39:57
1666,526,团内最菜_贪吃鬼,6756,胜利,2022-03-06 16:01:37
1667,126,急袭猛禽－最终要塞之鹰,9637,胜利,2022-03-06 16:01:47
1668,532,Raymond_核桃酱_IF,4925,胜利,2022-03-06 16:02:11
1669,468,猎豹shiwo,6477,胜利,2022-03-06 16:02:34
1670,535,AE_leopard_con,6534,胜利,2022-03-06 16:05:41
1671,549,野兽先辈_defender,6367,胜利,2022-03-06 16:06:09
1672,364,Kinuhata_Saiai,5722,胜利,2022-03-06 16:06:19
1673,320,标记之枪,2655,胜利,2022-03-06 22:22:18
1674,331,_CrpEla7u1kim_,7062,胜利,2022-03-06 22:22:48
1675,136,兽聚_猛兽奶茶_后勤组,5238,胜利,2022-03-06 22:22:51
1676,541,SXE_Ch1mera_拾玖,5448,胜利,2022-03-07 22:15:39
1677,84,Vanit,1350,胜利,2022-03-07 22:16:01
1678,272,喜蛋...,7282,胜利,2022-03-07 22:16:11
1679,36,fsgdhgfj,5698,胜利,2022-03-08 00:43:35
1680,97,fsgdhgfj_1,3142,胜利,2022-03-08 00:43:50
1681,387,fsgdhgfj_1,4379,胜利,2022-03-08 00:44:01
1682,184,御坂小一,4196,胜利,2022-03-08 00:44:12
1683,30,～天谴之人～,8062,平局,2022-03-10 15:10:22
1684,221,你个弱鸡,7389,胜利,2022-03-10 15:10:30
1685,538,你个弱鸡,4272,胜利,2022-03-10 15:10:39
1686,36,兽聚_猛兽奶茶_后勤组,6141,胜利,2022-03-10 15:10:51
1687,367,Ymaz_智障氪孤_NHG8,6723,胜利,2022-03-10 15:11:11
1688,36,Dream_2020_3,4978,胜利,2022-03-13 19:56:26
1689,331,天空文瑶,7127,失败,2022-03-13 19:56:38
1690,423,GonedWent,7190,失败,2022-03-13 19:57:29
1691,204,HK416-黑猫的赠礼,4132,胜利,2022-03-16 21:03:36
1692,432,Arihara_Nanam1,4934,胜利,2022-03-16 21:06:40
1693,136,シ博丽灵梦サ,7856,胜利,2022-03-16 21:08:09
1694,32,～天谴之人～,7071,胜利,2022-03-16 21:12:15
1695,365,UFA_带头冲锋_巴麻美,5341,胜利,2022-03-16 21:12:57
1696,205,Terry_abrams,4908,胜利,2022-03-16 21:13:06
1697,127,Terry_abrams,7841,胜利,2022-03-16 21:13:17
1698,356,皮皮虾5555,4179,胜利,2022-03-16 21:13:37
1699,318,7SMV_七月安好如初,6541,胜利,2022-03-16 22:16:51
1700,127,7SMV_呆瓜,6649,胜利,2022-03-16 22:17:00
1701,27,小鱼永远也不水xy,7413,胜利,2022-03-16 22:17:14
1702,112,雾彻响子,5208,胜利,2022-03-16 22:17:26
1703,515,SAC_不讲武德_马保国,4966,胜利,2022-03-16 22:17:38
1704,151,Terry_abrams,6024,胜利,2022-03-16 22:17:45
1706,31,Not_K7756,5553,胜利,2022-03-17 23:27:57
1707,468,ARC-zyp123,9204,胜利,2022-03-20 22:24:43
1708,130,你个弱鸡,8451,胜利,2022-03-20 22:24:48
1709,332,MFA-只宠李子-樱（改名字了）,8150,胜利,2022-03-20 22:26:06
1710,306,MFA-只宠李子-樱,6971,胜利,2022-03-20 22:26:14
1711,549,ARC-zyp123,7023,平局,2022-03-21 13:03:54
1712,155,hf海凤,5442,胜利,2022-03-21 13:07:42
1713,272,hf海凤,7072,胜利,2022-03-21 13:08:36
1714,516,ScAr3Cr0V,4953,胜利,2022-03-21 13:08:54
1715,31,Night_Rose,6142,胜利,2022-03-21 13:57:26
1716,541,SXE_Ch1mera_拾玖,5448,胜利,2022-03-21 13:58:18
1717,432,Arihara_Nanam1,4934,胜利,2022-03-21 13:59:42
1718,130,空花首席不会梦见白毛阿尔法,9221,失败,2022-03-21 14:00:03
1719,315,Terry_abrams,4911,胜利,2022-03-21 14:00:13
1720,383,奶油糖～,7002,胜利,2022-03-21 14:10:59
1721,521,_CrpEla7u1kim_,8657,胜利,2022-03-21 23:10:25
1722,392,7SMV_呆瓜,8670,胜利,2022-03-22 23:50:03
1723,272,喜蛋...,7989,胜利,2022-03-23 00:04:00
1724,423,GonedWent,7190,失败,2022-03-23 00:04:21
1725,27,～天谴之人～,7221,失败,2022-03-23 00:04:38
1726,532,Terry_abrams,5570,胜利,2022-03-23 00:04:58
1727,346,ScAr3Crov,5208,胜利,2022-03-23 00:06:06
1728,227,ThisuserisNt,4254,胜利,2022-03-24 12:37:22
1729,293,Revival.,5712,胜利,2022-03-24 12:40:57
1730,126,萌新白兔,9388,胜利,2022-03-29 01:28:02
1731,126,萌新白兔,9214,胜利,2022-03-29 01:28:15
1732,531,Revival.,6859,胜利,2022-03-29 01:29:52
1733,35,大小哦♂yes sir！,7482,胜利,2022-03-29 01:31:05
1734,450,伊芙利特小火龙,5071,胜利,2022-03-29 01:31:23
1735,344,3106655169,5227,失败,2022-03-29 01:31:40
1736,130,3106655169,6056,胜利,2022-03-29 01:32:02
1737,314,再看打死你1,5732,胜利,2022-03-29 01:32:20
1738,26,xiaolu,9446,胜利,2022-03-29 01:32:43
1739,553,皮皮虾5555,4613,失败,2022-03-31 08:42:02
1740,359,野兽先辈_defender,2342,胜利,2022-03-31 08:42:36
1741,33,伊芙利特小火龙,5430,胜利,2022-03-31 08:43:29
1742,224,720syh,2945,胜利,2022-03-31 08:43:47
1743,119,HK416-黑猫的赠礼,2712,胜利,2022-03-31 08:45:01
1744,131,殇べ,5482,胜利,2022-03-31 08:45:14
1745,131,殇べ,5354,胜利,2022-03-31 08:45:59
1746,527,殇べ,5758,胜利,2022-03-31 08:46:15
1747,161,御坂小一,5021,胜利,2022-04-03 21:32:08
1748,133,EdelWeiss言う,7134,失败,2022-04-03 21:32:11
1749,349,纵横卫庄,6623,失败,2022-04-03 21:32:32
1750,349,纵横卫庄,6623,失败,2022-04-03 21:32:41
1751,221,Revival.,6032,胜利,2022-04-03 21:34:37
1752,332,伊芙利特小火龙,7156,胜利,2022-04-03 21:35:48
1753,549,3106655169,5892,胜利,2022-04-03 21:37:25
1754,31,3106655169,5653,胜利,2022-04-03 21:37:39
1755,278,we￥ess,4576,胜利,2022-04-03 21:38:37
1756,284,再看打死你1,1996,胜利,2022-04-03 21:38:56
1757,157,ZEON.菜鸡一个,4795,失败,2022-04-03 21:40:07
1758,139,伊芙利特小火龙,6701,胜利,2022-04-03 21:40:18
1759,333,野兽先辈_defender,5341,胜利,2022-04-03 21:40:32
1760,165,steam 分队,4680,胜利,2022-04-04 00:05:52
1761,184,steam 分队,2951,失败,2022-04-04 00:06:11
1762,319,殇べ,4515,胜利,2022-04-04 00:06:45
1763,290,德系针不戳,5283,胜利,2022-04-04 00:07:13
1764,134,AR_可塑性记忆の艾拉,7226,失败,2022-04-04 00:07:36
1765,139,伊芙利特小火龙,5599,胜利,2022-04-04 00:09:17
1766,129,犬の念り,8352,胜利,2022-04-04 00:09:40
1767,185,ThisuserisNt,6192,胜利,2022-04-04 00:10:19
1768,163,ThisuserisNt,5820,胜利,2022-04-04 00:10:39
1769,206,_WendyKuma_,7273,胜利,2022-04-05 14:23:14
1770,317,Revival.,5430,胜利,2022-04-05 14:23:36
1771,546,Revival.,3857,失败,2022-04-05 14:23:44
1772,198,SS无糖酱-风暴,5020,胜利,2022-04-05 14:23:54
1773,254,hf海凤,4691,胜利,2022-04-05 14:24:29
1774,549,伊芙利特小火龙,7116,胜利,2022-04-05 14:24:38
1775,314,3106655169,4680,胜利,2022-04-05 14:24:51
1776,301,再看打死你1,1544,胜利,2022-04-05 14:25:05
1777,543,ZEON.菜鸡一个,5056,胜利,2022-04-05 14:25:48
1778,139,伊芙利特小火龙,5599,胜利,2022-04-05 14:25:58
1779,332,呆瓜竟是绝世大总攻,7361,胜利,2022-04-05 14:26:08
1780,158,ChineseDiaoMao,4524,胜利,2022-04-05 18:47:14
1781,549,永不咕咕的未来,9298,胜利,2022-04-05 18:48:11
1782,32,永不咕咕的未来,9138,胜利,2022-04-05 18:49:50
1783,113,永不咕咕的未来,5936,胜利,2022-04-05 18:50:11
1784,272,九条美里,6151,胜利,2022-04-05 18:50:37
1785,333,野兽先辈_defender,5561,失败,2022-04-09 14:19:19
1786,333,野兽先辈_defender,5508,胜利,2022-04-09 14:19:35
1787,383,永不咕咕的未来,6886,胜利,2022-04-09 14:19:51
1788,128,九条美里,6454,失败,2022-04-09 14:20:09
1789,332,MFA-硬核毛子-乌里扬诺夫,7220,胜利,2022-04-09 14:20:27
1790,519,呆瓜竟是绝世大总攻,5705,胜利,2022-04-10 22:18:36
1791,316,3107896560,5555,胜利,2022-04-10 22:18:53
1792,344,LOVE永爱_砂糖酱,5362,胜利,2022-04-10 22:19:07
1793,191,young72,4149,失败,2022-04-10 22:20:25
1794,258,无泽熙下,4391,胜利,2022-04-11 23:47:19
1795,314,268工程_1,7376,平局,2022-04-16 22:40:24
1796,31,无泽熙下,6931,失败,2022-04-16 22:46:45
1797,387,fsgdhgfj_1,4840,胜利,2022-04-16 23:00:52
1798,216,永不咕咕的未来,5560,胜利,2022-04-16 23:01:22
1799,139,沐然,5097,胜利,2022-04-16 23:02:33
1800,163,young72,5284,胜利,2022-04-16 23:03:23
1801,264,Anakin,4977,胜利,2022-04-16 23:05:42
1802,535,Aliaccr_Luo（现用名）,5641,平局,2022-04-16 23:05:57
1803,256,steam 分队,3269,胜利,2022-04-16 23:06:27
1804,129,SXE_彼夜、时雨未央,7510,胜利,2022-04-16 23:06:41
1805,35,马云在人间,8489,胜利,2022-04-16 23:08:37
1806,334,ail_com_hero,5716,胜利,2022-04-16 23:09:01
1807,533,燃梦,4593,胜利,2022-04-17 22:55:57
1808,231,燃梦,4889,胜利,2022-04-17 22:56:21
1809,231,燃梦,4244,胜利,2022-04-17 22:56:51
1810,533,燃梦,5358,胜利,2022-04-17 22:57:15
1811,529,太平洋_9,8549,胜利,2022-04-17 22:57:41
1812,532,SXE_彼夜、时雨未央,5325,胜利,2022-04-17 23:03:14
1813,518,SXE_彼夜、时雨未央,6361,胜利,2022-04-17 23:03:25
1814,111,steam 分队,3907,胜利,2022-04-17 23:03:39
1815,344,白给就稳赢了,4113,失败,2022-04-17 23:03:54
1816,530,3109704346,8169,胜利,2022-04-20 14:45:58
1817,134,克利夫兰不啃萝卜,7053,胜利,2022-04-20 14:46:23
1818,207,LordKen_iron,3658,胜利,2022-04-20 14:47:06
1819,392,LordChen,5529,胜利,2022-04-20 14:47:23
1820,157,LordChen,3399,胜利,2022-04-20 14:47:39
1821,130,汝父一我,6427,胜利,2022-04-20 14:48:38
1822,530,呆瓜竟是绝世大总攻,8085,胜利,2022-04-20 14:49:01
1823,346,呆瓜竟是绝世大总攻,6800,胜利,2022-04-20 14:49:14
1824,33,Aliaccr_Luo,6101,胜利,2022-04-20 14:49:27
1825,530,SXE_彼夜、时雨未央,7781,胜利,2022-04-20 14:50:34
1826,534,SXE_彼夜、时雨未央,4595,胜利,2022-04-20 14:50:57
1827,553,分你一个柠檬,4082,胜利,2022-04-20 14:51:52
1828,332,分你一个柠檬,7090,胜利,2022-04-20 14:52:06
1829,522,脱壳尾翼风帽穿甲弹,8471,失败,2022-04-28 05:23:36
1830,134,fsgdhgfj,5523,胜利,2022-04-28 05:23:50
1831,34,是羽毛笔啦,6659,胜利,2022-04-28 05:25:15
1832,530,呆瓜竟是绝世大总攻,8085,胜利,2022-04-28 05:25:33
1833,346,呆瓜竟是绝世大总攻,6800,胜利,2022-04-28 05:25:43
1834,474,克利夫兰不啃萝卜,4164,胜利,2022-04-28 05:26:30
1835,538,克利夫兰不啃萝卜,3547,失败,2022-04-28 05:26:48
1836,344,Special-Week,8145,胜利,2022-04-28 05:27:27
1837,245,耗儿药,5330,胜利,2022-04-28 05:33:39
1838,344,一名屠苏破婆婆,8067,胜利,2022-04-30 09:57:56
1839,529,一名屠苏破婆婆,5794,胜利,2022-04-30 09:58:23
1840,130,干啥啥不行，干饭第一名,8421,胜利,2022-04-30 09:58:48
1841,150,分你一个柠檬,3634,胜利,2022-04-30 09:59:05
1842,514,分你一个柠檬,2849,失败,2022-04-30 09:59:22
1843,175,克利夫兰不啃萝卜,3157,胜利,2022-04-30 10:00:07
1844,134,海云听风,3029,胜利,2022-04-30 10:00:33
1845,332,llk_溜溜_最强炼铜术士,7199,胜利,2022-05-03 15:56:14
1846,535,☆杏花疏影~墨清,5123,胜利,2022-05-03 15:56:25
1847,36,NOKA_CN,6990,胜利,2022-05-03 15:56:49
1848,372,德克萨斯啧,1899,胜利,2022-05-11 02:10:43
1849,129,西南Southwest,8080,胜利,2022-05-11 02:11:15
1850,188,克利夫兰不啃萝卜,4324,胜利,2022-05-11 02:11:30
1851,531,_言法樱军_,6087,平局,2022-05-11 02:11:52
1852,532,Super_Noob_CN,6043,失败,2022-05-11 02:13:02
1853,466,7SMV_七月安好如初,5919,胜利,2022-05-11 02:13:19
1854,130,9.11_2018,6878,胜利,2022-05-11 02:13:57
1855,363,Kinuhata_Saiai,4747,胜利,2022-05-11 02:14:22
1856,198,克利夫兰不啃萝卜,4617,胜利,2022-05-22 22:19:28
1857,519,zbq051123,7205,失败,2022-05-22 22:19:43
1858,519,_言法樱军_,6017,胜利,2022-05-22 22:19:59
1859,140,_言法樱军_,6915,胜利,2022-05-22 22:20:17
1860,35,_言法樱军_,7304,胜利,2022-05-22 22:20:35
1861,455,Super_Noob_CN,4164,失败,2022-05-22 22:21:12
1862,129,西南Southwest,8080,胜利,2022-05-22 22:21:32
1863,329,Le0_Mess1,6693,胜利,2022-05-22 22:21:51
1864,233,ljljlaaa_steam,4498,胜利,2022-05-22 22:22:07
1865,135,Klaus_Erika_L,4655,胜利,2022-05-22 22:22:22
1866,364,Kinuhata_Saiai,5722,胜利,2022-05-22 22:22:36
1867,35,Советский_Лиса,7029,胜利,2022-05-22 22:22:50
1868,530,安慰aw,6210,胜利,2022-05-22 22:23:06
1869,87,NZ.杨少侠——1,2010,胜利,2022-05-22 22:23:31
1870,383,长情,10176,胜利,2022-05-22 22:23:53
1871,313,长情,6901,胜利,2022-05-22 22:24:11
1872,332,AR愿与终随,7495,胜利,2022-05-22 22:25:20
1873,549,AR愿与终随,6618,失败,2022-05-22 22:25:34
1874,530,_栗子_,7107,胜利,2022-05-22 22:26:17
1875,511,653_獾先生_战术抗线,5011,胜利,2022-05-22 22:26:30
1876,130,我永远爱黎塞留,5805,胜利,2022-05-22 22:26:41
1877,285,我永远爱黎塞留,3456,胜利,2022-05-22 22:26:54
1878,165,我永远爱黎塞留,4824,失败,2022-05-22 22:27:06
1879,295,我永远爱黎塞留,1164,胜利,2022-05-22 22:27:22
1880,31,Night_Rose,7889,胜利,2022-05-22 22:27:32
1881,146,一起来当魔法少女_1,8058,胜利,2022-05-22 22:27:42
1882,346,AF_Enily_CN,7955,胜利,2022-05-22 22:27:53
1883,28,3100369648,7559,胜利,2022-06-03 17:23:05
1884,127,克利夫兰不啃萝卜,6296,胜利,2022-06-03 17:23:17
1885,163,karken star,6934,胜利,2022-06-03 18:09:59
1886,423,斯考特·费萨南,6891,胜利,2022-06-03 18:10:12
1887,423,包河彭于晏,7564,失败,2022-06-03 18:10:20
1888,388,cyka..blyat,6216,胜利,2022-06-03 18:10:29
1889,137,cyka..blyat,6242,胜利,2022-06-03 18:10:37
1890,183,cyka..blyat,4109,胜利,2022-06-03 18:10:44
1891,35,燕人杨晨晨,6741,胜利,2022-06-03 18:11:01
1892,392,Hohenzollern,7814,胜利,2022-06-03 18:11:13
1893,130,Hohenzollern,6399,胜利,2022-06-03 18:11:55
1894,332,Kinuhata_Saiai,6775,胜利,2022-06-03 18:13:55
1895,127,Aliaccr_Luo,7565,失败,2022-06-03 18:14:22
1896,356,掌局者,7220,胜利,2022-06-03 18:14:34
1897,28,AR愿与终随,7169,胜利,2022-06-03 22:40:30
1898,133,のるき_风吹い血花,5752,胜利,2022-06-03 22:41:20
1899,339,のるき_风吹い血花,5912,胜利,2022-06-03 22:41:35
1900,344,のるき_风吹い血花,5251,胜利,2022-06-03 22:41:53
1901,344,のるき_风吹い血花,5696,胜利,2022-06-03 22:42:17
1902,221,のるき_风吹い血花,5445,胜利,2022-06-03 22:42:30
1903,548,のるき_风吹い血花,4971,胜利,2022-06-03 22:42:43
1904,129,のるき_风吹い血花,5028,胜利,2022-06-03 22:42:59
1905,134,小柠檬呀,7219,胜利,2022-06-03 22:43:14
1906,316,全游唯一弱鸡,6206,胜利,2022-06-03 22:43:25
1907,332,天不生我99A,8179,胜利,2022-06-03 22:45:05
1908,332,天不生我99A,4796,胜利,2022-06-03 22:46:21
1909,525,Pinspal,7132,胜利,2022-06-03 22:46:34
1910,189,耗儿药,5595,胜利,2022-06-20 12:44:55
1911,339,我永远爱黎塞留,7101,胜利,2022-06-28 22:24:43
1912,33,我永远爱黎塞留,6793,胜利,2022-06-28 22:25:02
1913,130,我永远爱黎塞留,5857,平局,2022-06-28 22:25:18
1914,33,我永远爱黎塞留,6674,胜利,2022-06-28 22:25:39
1915,535,我永远爱黎塞留,5737,胜利,2022-06-28 22:25:59
1916,191,Le0_Mess1,5432,胜利,2022-06-28 22:26:18
1917,332,往生堂主の胡桃哒！,8407,胜利,2022-06-28 22:26:36
1918,227,karken star,4427,胜利,2022-06-28 22:27:58
1919,344,燕人杨晨晨,5683,胜利,2022-06-28 22:29:11
1920,549,☆杏花疏影~墨清,7210,胜利,2022-06-28 22:29:27
1921,35,幻辰_恋士白衣,8636,胜利,2022-06-28 22:30:02
1922,550,幻辰_恋士白衣,4828,胜利,2022-06-28 22:30:15
1923,31,幻辰_恋士白衣,7383,失败,2022-06-28 22:30:30
1924,521,幻辰_恋士白衣,7979,胜利,2022-06-28 22:31:05
1925,365,幻辰_恋士白衣,5393,胜利,2022-06-28 22:31:23
1926,122,我一个鞭,6242,胜利,2022-06-28 22:31:40
1927,185,米歇尔•真穗,4317,胜利,2022-06-28 22:32:12
1928,130,平淡的鬼,7765,失败,2022-06-28 22:32:25
1929,28,在原ありはらななみ,8013,胜利,2022-06-28 22:33:15
1930,26,R-F-A_鸽皇_梦游,7024,胜利,2022-06-28 22:33:30
1931,208,R-F-A_鸽皇_梦游,5064,胜利,2022-06-28 22:33:43
1932,130,嗯哼哼啊啊啊啊啊啊啊啊啊啊啊,6307,胜利,2022-06-28 22:34:27
1933,118,PanzerIV_G,3099,失败,2022-06-28 22:34:40
1934,507,一次函数,6413,胜利,2022-06-28 22:36:54
1935,127,IBS_肥宅kari,7010,胜利,2022-06-28 22:37:07
1936,175,R-F-A_鸽皇_梦游,4946,胜利,2022-07-03 19:10:28
1937,151,Aliaccr_Luo,6288,胜利,2022-07-03 19:11:16
1938,306,LYC_刘某人,5000,胜利,2022-07-03 19:12:20
1939,31,LYC_刘某人,7422,胜利,2022-07-03 19:12:31
1940,127,3112354657,7045,胜利,2022-07-03 19:12:53
1941,332,分你一个柠檬,7090,胜利,2022-07-03 19:14:39
1942,423,是羽毛笔啦,7163,失败,2022-07-03 19:14:54
1943,468,阿拉曼战役,6022,失败,2022-07-03 19:15:11
1944,519,呆瓜竟是绝世大总攻,5182,胜利,2022-07-03 19:15:23
1945,539,ARC-zyp123,4837,胜利,2022-07-03 19:16:08
1946,151,海云听风,2758,胜利,2022-07-03 19:17:37
1947,130,Gw.,6447,胜利,2022-07-03 19:20:00
1948,164,长情,6414,胜利,2022-07-03 19:20:13
1949,140,御坂小一,6726,胜利,2022-07-03 19:20:47
1950,553,p=mv_1,5005,胜利,2022-07-03 19:21:04
1951,367,AR愿与终随,6228,胜利,2022-07-03 19:21:21
1952,344,AR愿与终随,6254,胜利,2022-07-03 19:21:39
1953,179,我永远爱黎塞留,3613,胜利,2022-07-03 19:21:51
1954,268,我一个鞭,3293,胜利,2022-07-03 19:22:04
1955,339,cyka..blyat,6888,胜利,2022-07-03 19:22:13
1956,28,在原ありはらななみ,8013,胜利,2022-07-03 19:22:23
1957,392,～天谴之人～,7948,胜利,2022-07-03 19:23:11
1958,236,海云听风,3771,胜利,2022-07-03 19:24:07
1959,145,开车车你遭不住,7380,胜利,2022-07-03 19:24:23
1960,519,团内最菜_贪吃鬼,6832,胜利,2022-07-03 19:24:40
1961,130,嗯哼哼啊啊啊啊啊啊啊啊啊啊啊,6817,失败,2022-07-03 19:25:14
1962,530,3112354657,7197,胜利,2022-07-08 12:35:57
1963,130,Night_Rose,7502,胜利,2022-07-08 12:36:08
1964,126,道德君,5583,胜利,2022-07-17 12:04:14
1965,530,3112354657,7197,胜利,2022-07-17 12:04:36
1966,188,karken star,5097,胜利,2022-07-17 23:44:05
1967,532,fsgdhgfj,5986,胜利,2022-07-17 23:44:23
1968,179,白给就稳赢了,3737,胜利,2022-07-17 23:44:39
1969,142,旋律伤_X,7156,失败,2022-07-17 23:45:13
1970,430,唐晓白,4061,胜利,2022-07-20 14:48:10
1971,333,WO_TM_CALL_120,6505,胜利,2022-07-20 21:57:25
1972,333,野兽先辈_defener,6730,胜利,2022-08-08 11:18:10
1973,246,R-F-A_鸽皇_梦游,4664,胜利,2022-08-08 11:18:24
1974,127,唐晓白,6459,失败,2022-08-08 11:19:16
1975,452,3105280792,2154,胜利,2022-08-08 11:19:41
1976,32,MXY爸爸,6666,胜利,2022-08-08 11:20:06
1977,204,AI_^^_AI,4531,胜利,2022-08-11 20:56:54
1978,204,AI_^^_AI,5687,胜利,2022-08-11 20:57:25
1979,272,GonedWent,5819,胜利,2022-08-11 20:58:08
1980,130,3105280792,4005,胜利,2022-08-11 20:59:00
1981,208,3105280792,3941,胜利,2022-08-11 20:59:36
1982,530,我滴凯尔希,5102,胜利,2022-08-11 21:00:06
1983,221,樱井寄寄,6676,胜利,2022-08-11 21:00:44
1984,130,焚风沃克网,9533,胜利,2022-08-11 21:01:01
1985,134,LYC_刘某人,6425,胜利,2022-08-11 21:01:31
1986,152,LYC_刘某人,3384,胜利,2022-08-11 21:01:58
1987,306,LYC_刘某人,5647,胜利,2022-08-11 21:02:25
1988,198,LYC_刘某人,4964,胜利,2022-08-11 21:02:48
1989,251,EGT_深海提督_鱼雷恶人,5600,胜利,2022-08-12 09:40:41
1990,36,焚风沃克网,6638,胜利,2022-08-16 16:29:30
1991,153,天上的塑料袋,4058,胜利,2022-08-16 16:29:47
